name;gender;nb_turn;total_length
Yakech_BORTAIROU;male;9;32.02199999999999
Robert_KUDELKA;male;50;121.28199999999993
unk_1099;NA;1;12.940000000000055
Gregoire_PELPEL;male;15;110.61700000000019
unk_1119;NA;4;7.753000000000043
Philippe_PERILHOU;male;18;54.76599999999996
Lionel_TONINI;male;3;12.954999999999927
Marie-Therese_GEFFROY;female;15;59.91599999999994
Bernard_BOUISSIET;male;3;16.581999999999994
Celine_BRACQ;female;31;143.90300000000002
Pierre_BANC;male;30;101.15300000000002
unk_1045;NA;4;3.831000000000131
unk_466;NA;8;20.246000000000095
Francois_LONCLE;male;12;39.411
Philippe_VANDEL;male;10;29.416999999999916
unk_1162;NA;2;13.723999999999933
Frederic_LAGACHE;male;22;159.30500000000075
unk_776;NA;58;196.41200000000006
Claude_ALLEGRE;male;12;39.06099999999998
unk_561;NA;5;7.786000000000229
Pierre_LAURENT;male;89;429.3069999999999
Jerome_SAVARY;male;12;50.721000000000004
Herve_VIEILLARD_BARON;male;25;111.09400000000005
unk_567;NA;1;0.7980000000000018
Louis_ALIOT;male;3;19.392999999999915
Robert_GUEDIGUIAN;male;16;58.902999999999906
Danielle_SCHWEISGUTH;female;30;222.79799999999977
Jean-Louis_BIANCO;male;3;15.492999999999995
Chantal_JOUANNO;female;7;63.67999999999961
Aymeric_BARRAULT;male;31;214.0500000000012
Christophe_DELACROIX;male;41;141.46800000000007
Mathieu_LAURENT;male;12;37.57800000000043
unk_638;NA;3;4.449999999999832
Gerard_ZENONI;male;124;357.2689999999998
Adrien_BAUDU;male;3;25.63299999999981
unk_853;NA;5;19.008999999999986
Olivier_PASTRE;male;65;324.09299999999956
Florent_VACHERET;male;4;32.101
Jean-Pierre_JOUYET;male;3;17.37099999999998
Laurence_PIEAU;female;19;155.60900000000038
Jean-Paul_OLLIVIER;male;5;26.203000000000003
Jean_FERNANDEZ;male;7;25.626999999999953
Ticky_HOLGADO;male;10;41.19200000000001
unk_313;NA;27;112.27300000000037
Jean_ROATTA;male;2;15.571999999999889
Jean-Pierre_DECOOL;male;18;96.60299999999995
Paul_BIONDI;male;13;42.79300000000035
Francoise_FRESSOZ;female;2;1.7139999999999418
unk_1124;NA;2;8.951999999999998
Rupert_COLLEVILLE;male;10;50.89300000000003
Gilane_BARRET;male;39;380.16399999999965
Pierre_LEQUILLER;male;39;205.95099999999985
Jean-Pierre_LAVOIGNAT;male;25;74.80000000000018
Jean-Jacques_BOURDIN;male;4;2.3159999999999172
Bernard_JULIEN;male;13;47.298
Cecile_ASPE;female;77;261.6729999999998
Patrick_MAISONNEUVE;male;25;193.50700000000052
Philippe_CERGEL;male;69;418.99699999999996
unk_471;NA;6;10.08199999999988
Etienne_PINTE;male;27;85.08099999999968
unk_558;NA;1;3.8840000000000146
unk_1063;NA;4;18.059999999999945
Francois_PUPPONI;male;110;340.147999999999
Macha_MAKEIEFF;female;42;162.32999999999993
Michel_TURPIN;male;5;20.717999999999847
Claire_FLEURY;female;9;88.69600000000003
Edward_JAY;male;34;277.00900000000024
Bernard_THOMASSON;male;241;815.7589999999999
unk_948;NA;3;14.567999999999984
unk_722;NA;1;3.4989999999997963
Olivier_FLEUROT;male;23;89.64800000000014
Christian_ECKERT;male;103;719.2480000000012
Emmanuel_D_ABZAC;male;16;71.15599999999998
Bakhtiar_AMIN;male;14;60.24399999999969
Cesar_BALDACCINI;male;10;46.55500000000001
Gerard_BIARD;male;35;318.06600000000003
Patrick_GRIVAZ;male;20;81.99799999999993
Maryse_MECASSI;female;17;50.488000000000056
unk_1164;NA;4;20.34100000000035
Maude_BAYEU;female;112;423.24599999999987
Rodolphe_MASSE;male;2;10.819999999999993
Raymond_DOMENECH;male;9;38.41500000000008
Marie_CASADEBAIG;female;58;246.00400000000002
Frederic_OUDEA;male;1;12.413999999999987
Francois_ZANINI;male;30;98.86200000000008
unk_933;NA;4;17.536
Corinne_LEPAGE;female;29;183.60699999999952
unk_835;NA;3;16.128000000000156
Jean-Christophe_BUISSOU;male;9;23.55200000000002
Jean-Michel_FRETINY;male;10;40.20999999999998
unk_664;NA;1;2.719000000000051
Paul_SALEN;male;17;142.12799999999993
unk_1048;NA;1;4.966000000000122
Pierrick_TAISNE;male;8;64.41399999999999
unk_707;NA;7;33.26299999999992
Henrik_UTERWEDDE;male;23;99.8599999999999
unk_700;NA;8;30.0920000000001
Olivier_KAPO;male;4;17.096000000000004
unk_1084;NA;2;2.984000000000151
Hubert_HUERTAS;male;11;39.10400000000004
Solange_MAULINI;female;14;47.84100000000012
Emmanuel_LANGLOIS;male;119;427.2000000000001
unk_483;NA;5;23.720000000000255
unk_585;NA;3;8.015000000000441
Bernard_TAPIE;male;11;44.9129999999999
unk_747;NA;19;63.912999999999556
Christian_VANNESTE;male;4;49.35199999999986
unk_839;NA;1;0.9939999999999145
Bernard_VOUCHET;male;9;32.68900000000002
Eric_MEYER;male;44;112.11999999999989
Pascal_DERVIEUX;male;155;568.21
unk_723;NA;1;2.0579999999999927
Luis_DE_GUINDOS;male;1;1.1619999999998072
Emmanuel_BUTSTRAEN;male;6;28.791000000000167
unk_509;NA;2;2.6549999999997453
unk_581;NA;2;2.5440000000000964
unk_673;NA;2;6.056999999999789
unk_692;NA;4;17.49099999999953
Denis_TILLINAC;male;6;16.063000000000102
Thierry_MARIANI;male;9;59.879999999999995
unk_615;NA;3;3.5309999999997217
Louis_BURTON;male;4;28.50799999999981
Benoit_COLOMBAT;male;34;116.3789999999999
unk_974;NA;1;1.7989999999999782
Pierre-Louis_CASTELLI;male;20;59.210000000000036
unk_784;NA;3;6.3960000000001855
Jean-Claude_GUIBAL;male;12;111.88899999999973
Claire_QUIDET;female;41;231.18899999999894
unk_810;NA;8;43.990999999999985
unk_462;NA;3;6.809999999999491
unk_1095;NA;4;13.23599999999999
Claire_STAROZINSKI;female;1;13.491999999999734
Alexandra_BENSAID;female;1;3.298999999999978
Dominique_CHAUVELIER;male;16;62.673
Armand_GIDE;male;7;26.325000000000045
Frederic_DONNEDIEU_DE_VABRES;male;27;182.18699999999944
Aziz_SENNI;male;2;16.687999999999988
Jean-Louis_TRIAUD;male;5;18.91999999999996
Pascal_SCHMITT;male;56;234.59500000000025
Pascal_BRINDEAU;male;17;103.92999999999984
unk_914;NA;1;5.634999999999991
Lionel_OVADIA;male;7;25.62000000000012
unk_710;NA;4;9.186999999999898
Stephane_LE_FOLL;male;3;21.611999999999625
Valerie_BERANGER;female;24;217.4799999999999
unk_488;NA;3;4.466000000000122
unk_712;NA;6;9.782999999999902
Jeremy_BROSSARD;male;17;159.14999999999992
unk_643;NA;1;1.3310000000000004
Bernadette_CHIRAC;female;4;6.670000000000073
unk_13;NA;1;8.860000000000014
unk_597;NA;3;5.366999999999962
Daniel_ROSENBLUM;male;51;130.52100000000019
Yann_WEHRLING;male;35;348.8560000000002
Sandrine_MAZETIER;female;35;271.56500000000005
unk_1155;NA;15;75.81600000000002
Gerard_COURCHELLE;male;692;3103.4660000000003
Haida_THOUIRI;female;51;214.95199999999977
unk_897;NA;15;48.30899999999974
Robert_HUE;male;5;23.752999999999986
Herve_FERON;male;17;106.60699999999997
unk_964;NA;1;2.1709999999999354
Francoise_DE_PANAFIEU;female;204;731.1530000000001
Ania_VOGEL;female;32;138.28099999999995
Stephane_IGLESIS;male;53;190.63000000000002
Jean-Yves_MANO;male;25;73.1
Catherine_VAUTRIN;female;70;673.6630000000001
Mireille_LEMARESQUIER;female;210;755.6390000000001
Richard_MALLIE;male;4;18.286000000000058
unk_714;NA;2;1.3209999999999127
unk_469;NA;1;4.967999999999847
Laurence_TUBIANA;female;8;58.36500000000001
Michel_ROUSSIN;male;2;4.109000000000151
Francis_LEFEBVRE;male;21;71.22800000000007
Jennifer_GALIN;female;5;22.254000000000133
Bernard_DEBRE;male;44;234.3189999999998
Christelle_CAILLAUD;female;7;26.641999999999825
Philippe_RABUT;male;210;586.9199999999992
unk_1123;NA;7;19.976000000000113
Anne_COLDEFY;female;16;63.55500000000001
Laetitia_GAYET;female;15;43.95099999999991
Pierre_LELLOUCHE;male;43;163.78199999999975
unk_667;NA;2;6.983999999999924
Francis_HILLMEYER;male;46;189.25600000000009
unk_1076;NA;1;5.3270000000002256
Jamie_SHAE;male;10;50.00299999999993
Germain_ANDRIEUX;male;87;636.1749999999997
Jean-Michel_APATHIE;male;168;564.9260000000003
Olivier_DUHAMEL;male;65;186.02600000000007
unk_1145;NA;18;52.33300000000031
Serena_MOSSEY;female;5;14.88000000000011
Christophe_CHAMBON;male;49;252.67299999999977
Michel_DARRE;male;10;51.601
Jean-Michel_BAYLET;male;1;6.787000000000035
Michel_GARCIA;male;11;58.54000000000008
unk_804;NA;1;0.6889999999998508
unk_1065;NA;2;13.593000000000302
unk_590;NA;1;18.531000000000176
unk_528;NA;3;14.807999999999993
Petr_JANYSKA;male;139;731.5529999999999
unk_1120;NA;2;21.861999999999966
Nicole_GUILLARD;female;17;54.85399999999993
Antoine_GLASER;male;41;304.7710000000002
unk_908;NA;2;10.642000000000053
unk_892;NA;6;20.519999999999982
unk_458;NA;1;2.800000000000182
Olivier_DUSSOPT;male;44;241.87699999999984
Maurice_VIOLETON;male;12;41.697000000000116
unk_455;NA;3;9.35599999999988
Roland_SICARD;male;1;0.90199999999993
Jean-Luc_CRETIER;male;10;37.87599999999975
Charles_HOAREAU;male;18;59.64199999999997
Christophe_DECHAVANNE;male;2;14.380999999999858
Francois_ROUDIER;male;19;203.4699999999998
Chloe_BUFFARD;female;87;768.705
Xavier_ROUSSELOU;male;37;324.7610000000009
Nicolas_HENIN;male;14;46.49799999999999
Jean-Marie_SCHLERET;male;15;62.79300000000012
unk_1093;NA;3;14.389999999999873
Jacques_CHIRAC;male;52;302.59299999999985
unk_936;NA;6;16.9050000000002
Brahim_ASLOUM;male;32;122.00900000000001
Christophe_VAREILLE;male;2;25.47399999999999
Jan_TOMBINSKI;male;7;25.12700000000001
Marjorie_ROULMANN;female;11;38.809999999999945
unk_533;NA;3;6.942000000000007
unk_640;NA;7;15.103999999999742
unk_536;NA;1;2.180000000000291
Didier_DESCHAMPS;male;7;47.823999999999614
Candice_MAHOUT;female;11;67.30900000000008
Christian_SEIGLE-FERRAND;male;2;28.2079999999998
Apolline_DE_MALHERBE;female;20;205.66100000000066
Michel_LAGARDE;male;15;51.17500000000018
unk_1058;NA;17;63.0960000000004
Michel_LEGRAND;male;47;162.27500000000055
Fouad_ALAOUI;male;13;45.92000000000007
unk_705;NA;2;9.105999999999767
unk_924;NA;2;13.18800000000033
Dominique_BUSSEREAU;male;38;267.96900000000016
Chantal_HEROUARD;female;16;55.16699999999989
Anna_MOREAU;male;7;39.447999999999865
unk_935;NA;5;14.774000000000001
Michel_FIZE;male;7;18.717999999999847
Laurence_FERRARI;female;5;25.55100000000013
unk_551;NA;2;8.592000000000098
Gabriel_VERSINI-BULLARA;male;3;22.222999999999956
unk_794;NA;1;2.09900000000016
Latifa_IBN_ZIATEN;female;6;37.07500000000027
Nathalie_BOURRUS;female;35;133.07499999999996
unk_523;NA;6;42.070000000000164
Nicolas_PERRUCHOT;male;45;322.07500000000016
Elina_DUMONT;female;23;79.64700000000008
Marie-Francoise_CLERGEAU;female;15;120.10699999999997
Pauline_DE_SAINT_REMY;female;4;50.585000000000036
unk_915;NA;1;3.4700000000000273
Frederic_CARBONNE;male;1;5.473000000000013
Thierry_BENOIT;male;21;108.25799999999981
unk_1168;NA;1;11.285000000000082
Christine_BOUBET;female;6;53.80899999999974
Francois-Xavier_FRELAND;male;28;101.07399999999961
Henri_VERNET;male;33;104.15100000000007
unk_1101;NA;1;2.1200000000000045
unk_1022;NA;27;86.03399999999851
Claude_BODIN;male;15;100.13399999999996
unk_454;NA;3;11.412000000000262
Nicole_YARDENI;female;4;30.574000000000012
Jerome_SUSINI;male;13;69.72200000000007
Annick_LEPETIT;female;25;134.0010000000002
Anne_SINCLAIR;female;2;13.82000000000005
Jean-Pierre_RAFFARIN;male;7;30.985000000000014
Axel_KAHN;male;12;55.2030000000002
Thierry_ARNAUD;male;38;381.1170000000003
Isabelle_GIORDANO;female;650;1788.8130000000006
Stephane_PATUREY;male;3;28.92599999999993
Julien_BONNAIRE;male;2;15.934999999999945
Damien_DUQUESNE;male;1;12.079000000000178
Francois_AUBART;male;3;15.935999999999922
unk_357;NA;5;16.83299999999997
David_BRUNET;male;3;17.823000000000093
Didier_PONZIO;male;3;14.85800000000063
unk_797;NA;2;6.1599999999998545
Sonia_PRINCET;female;32;122.36500000000001
Marie-Ange_LESCURE;female;68;251.31400000000008
Jacques_BICHEGLIA;male;17;54.30000000000007
unk_350;NA;42;154.76999999999953
Elisabeth_VALLEE;female;3;10.601999999999975
unk_696;NA;2;2.643000000000029
Pauline_REVENAZ;female;9;62.28200000000015
unk_834;NA;2;4.609999999999673
unk_1173;NA;1;7.639000000000124
Frederic_GRANDCOLAS;male;12;39.289999999999964
Dominique_DE_MONTVALON;male;27;227.55700000000024
Catherine_GERST;female;45;318.9559999999997
unk_960;NA;1;2.100999999999999
Virginie_DUVAL;female;18;155.2260000000001
Edouard_BARREIRO;male;21;174.17000000000007
Lise_JOLLY;female;142;540.5200000000001
Patrick_HERMANSEN;male;12;76.61200000000036
Stephanie_BRAQUEHAIS;female;56;182.50999999999996
unk_902;NA;19;54.096000000000004
unk_443;NA;101;352.1379999999999
Philippe_DOUCET;male;3;27.47400000000016
unk_477;NA;25;119.25600000000031
unk_711;NA;8;16.491999999999734
Erwann_BINET;male;9;91.98500000000001
Riwane_VAILLANT;female;47;142.676
Jean-Marie_LEBLANC;male;9;44.319000000000074
Jean-Rene_DELEU;male;8;80.70600000000033
unk_666;NA;1;3.492999999999938
unk_603;NA;2;7.6159999999999854
unk_1030;NA;15;56.128999999999905
Brune_DAUBRE;female;20;117.84300000000002
unk_976;NA;3;9.986000000000104
Gerald_ROUX;male;66;299.3380000000011
Marine_HAY;female;4;43.302999999999884
unk_1234;NA;3;22.949000000000296
Hongyan_PI;female;2;1.9760000000001696
Florence_PARACUELLOS;female;35;138.49000000000024
Damien_FLEUROT;male;51;447.5379999999998
Eric_STRAUMANN;male;16;126.34900000000016
Randa_KASSIS;female;35;235.4930000000004
Daniele_HOFFMAN-RISPAL;female;5;38.285999999999945
unk_675;NA;3;7.361999999999853
Marc_CREPIN;male;52;213.0809999999999
unk_973;NA;4;9.591000000000122
Philippe_PERDRIX;male;30;114.58799999999974
Benoist_APPARU;male;43;276.3409999999999
Christophe_CHAMPIN;male;22;60.09500000000003
Charles_DE_COURSON;male;82;469.01600000000053
Patrick_BLOCHE;male;14;102.61999999999989
Avi_PAZNER;male;6;39.83899999999994
unk_475;NA;12;27.194999999999908
unk_739;NA;20;75.83199999999988
unk_1131;NA;1;9.743000000000166
Jean-Christophe_FROMANTIN;male;31;280.4569999999999
unk_459;NA;1;1.1899999999998272
unk_819;NA;6;27.048000000000002
Dominique_RUFFIE;male;2;16.372999999999593
Valerie_PECRESSE;female;130;1029.9920000000002
Christian_BATAILLE;male;15;64.22399999999999
Eymard_DU_CHATENET;male;9;22.7349999999999
unk_1031;NA;5;17.266000000000076
Yves_COPPENS;male;5;24.981000000000222
Frederic_DOMONT;male;18;77.27200000000002
Eric_RAOULT;male;2;17.358000000000004
unk_996;NA;3;11.821999999999889
Vincent_RODRIGUEZ;male;51;202.71100000000024
unk_514;NA;8;16.57300000000032
unk_461;NA;2;3.3719999999998436
unk_716;NA;5;15.44900000000007
unk_717;NA;4;9.872999999999593
Yves_CALVI;male;1;2.6429999999999154
Olivier_BESANCENOT;male;5;31.182000000000016
Philippe_JOUAILLE;male;2;16.99799999999999
Jean-Luc_SOUVETON;male;3;12.371000000000095
unk_825;NA;4;17.65999999999974
Marie-Charlotte_ANTONINI;female;5;27.251999999999498
Christian_CHESNOT;male;16;41.257000000000176
Guy_GEOFFROY;male;3;35.240999999999985
unk_685;NA;6;17.003000000000156
Eric_MAILLAUD;male;3;31.11500000000001
Frederic_METTEZ;male;1;2.538000000000011
Gerard_PORTE;male;17;141.1749999999995
Daniel_BAAL;male;6;27.379999999999995
Patrick_SAUCE;male;10;87.37099999999964
Franck_MERMIER;male;2;24.519999999999982
Marc_LEDIG;male;26;56.00800000000004
unk_890;NA;51;164.77100000000024
unk_736;NA;19;59.75200000000001
unk_1015;NA;4;17.833000000000084
unk_791;NA;1;3.0529999999998836
Helene_CARDIN;female;372;982.336000000001
unk_530;NA;2;9.429000000000087
Sarah_GHIBAUDO;female;13;83.411
Hugues_RIMAUD;male;5;26.504999999999654
unk_1075;NA;3;4.253999999999678
unk_1040;NA;1;2.0210000000001855
unk_1012;NA;4;21.889000000000124
unk_1171;NA;21;143.25499999999897
unk_801;NA;2;3.461999999999989
unk_1085;NA;4;14.731000000000222
Gerard_COLLOMB;male;4;17.867999999999995
Thomas_BRUNELLI;male;8;37.94
Eric_VALMIR;male;2;10.524000000000001
Jules-Jean_VIALLE;male;2;9.409000000000049
Philippe_LETEVE;male;2;12.413000000000011
Chantal_BRUNEL;female;14;125.35499999999956
unk_1033;NA;4;24.666999999999916
unk_1148;NA;16;62.239999999999895
Jean-Bernard_CADIER;male;8;68.565
Dominique_VOYNET;female;14;58.553000000000054
unk_815;NA;16;48.73900000000003
unk_731;NA;1;1.5909999999998945
Rodolphe_LANDAIS;male;22;63.58199999999988
Wallerand_DE_SAINT-JUST;male;2;11.46999999999997
Marcel_WELTMAN;male;3;18.807000000000016
Christian_LAMBERT;male;3;16.327000000000226
Marie-Laurence_DALLA;female;10;35.30400000000009
unk_573;NA;8;20.7170000000001
unk_1061;NA;9;45.710999999999785
Marc_BLONDEL;male;9;46.34500000000003
unk_1019;NA;12;53.12200000000007
Tony_CELIER;male;23;82.00599999999997
Pascal_MIZRAHI;male;182;648.2159999999999
unk_644;NA;5;6.487000000000023
Pierre_LORRAIN;male;26;171.79700000000048
Vital_KAMERE;male;20;60.07999999999999
Laurent_MAURINOT;male;14;61.41999999999996
unk_958;NA;1;4.015999999999991
Alain_WEILL;male;25;238.91600000000108
unk_881;NA;12;27.700999999999453
Gerard_BLONCOURT;male;13;65.78899999999976
Philippe_RELTIEN;male;481;1704.897000000001
Bruno_CHAUTEMPS;male;5;18.855999999999995
Olivier_DE_BERRANGER;male;152;737.6909999999996
unk_957;NA;6;28.604000000000042
Francois_CHAULET;male;5;49.16700000000003
Matthias_GURTLER;male;2;14.067000000000007
Marc_FAUVEL;male;17;54.405999999999494
Brigitte_BOUCHER;female;1212;8649.164999999999
Jean-Michel_HIBON;male;9;37.59699999999998
Francoise_PASSERA;female;14;58.189000000000306
unk_721;NA;2;8.105000000000018
Jacques_BOMPARD;male;38;289.36599999999964
Lucien_BITTERLIN;male;14;62.071
Jean-Francois_PERES;male;61;251.3070000000007
Martine_SEVILLA;female;12;59.0930000000003
Jean-Emmanuel_ROBERT;male;5;22.403999999999996
Laurent_GAURIAT;male;8;25.05100000000016
Patrick_MENNUCCI;male;32;179.49199999999973
unk_809;NA;10;48.74100000000044
Ariane_OBOLENSKY;female;12;49.802000000000135
unk_907;NA;1;0.8089999999999691
Yannick_DANIO;male;34;217.20699999999988
Alexandre_ADLER;male;94;289.159
Denis_BAUPIN;male;5;18.88799999999992
unk_531;NA;4;13.650000000000091
unk_828;NA;9;20.663000000000125
Isabelle_BACHY;female;12;44.97800000000001
Michel_CYMES;male;4;7.30600000000004
Simon_COHEN;male;11;39.82900000000001
Cedric_DECOEUR;male;35;165.79700000000003
Pascal_CHAMPVERT;male;19;47.399
Jacques_PREVOST;male;16;67.255
Yohann_RELAT;male;116;621.3050000000002
Thierry_BEAUMONT;male;40;110.50499999999965
Morgane_MERTEUIL;female;30;147.57000000000153
unk_753;NA;11;25.676999999999765
Jean-Michel_LEMETEYER;male;15;70.55899999999986
Carine_SEILER;female;21;59.097000000000094
Roger_CLAUDET;male;13;56.230999999999995
Jack_LANG;male;48;139.03999999999996
Marisol_TOURAINE;female;28;235.2009999999999
Chantal_DOUSSOUS;female;14;58.91899999999987
Eva_JOLY;female;79;326.9529999999999
Ilan_GREILSAMMER;male;5;25.265999999999963
unk_1054;NA;6;23.903999999999996
Patrick_CHENE;male;1;3.3070000000000164
Axel_URGIN;male;4;11.061000000000035
unk_1177;NA;17;80.39400000000023
Nathalie_FONTREL;female;145;531.8969999999997
Christian_ROUDAUT;male;34;107.02599999999995
Paul_PHILIPPOT;male;82;278.12
Manuel_RUFFEZ;male;8;42.29900000000043
Fabien_LEFORT;male;58;352.0770000000002
Philippe_JUVIN;male;19;143.46099999999979
Javier_ZUNIGA;male;13;55.89799999999997
unk_467;NA;10;26.665999999999713
Pascale_KELLA;female;15;100.048
unk_1187;NA;4;19.812999999999874
Laurent_GOUEDARD;male;11;42.59500000000003
Sylvie_BERRUET;female;92;626.47
unk_760;NA;9;33.608999999999966
unk_670;NA;1;5.18100000000004
Louis_VINET;male;7;29.428999999999178
Nicolas_DEMORAND;male;141;445.8199999999982
unk_1105;NA;4;23.77600000000001
Frank_SIGNORINO;male;4;12.190999999999804
Yves_BOUTRY;male;2;0.6619999999999209
Richard_PLACE;male;34;125.43999999999994
Patrick_BAUDOUIN;male;59;428.42599999999857
Michel_SAPIN;male;22;97.68700000000013
Hugues_OBRY;male;25;146.54100000000005
Marwane_BEN_YAHMED;male;36;215.12200000000075
unk_876;NA;3;5.921999999999912
unk_863;NA;7;27.355000000000473
Juan-Antonio_SAMARANCH;male;7;40.726999999999975
Melanie_BERTRAND;female;8;82.10500000000002
Daniel_GOLDBERG;male;2;15.821000000000026
Germain_TREILLE;male;29;138.01200000000017
Celine_COURATIN;female;9;67.647
Amaury_LEVEAUX;male;1;11.976999999999975
Thibaud_VINCENT;male;35;128.06500000000005
Francois_DURPAIRE;male;33;325.653
Francois-Xavier_WEILL;male;46;238.51299999999992
Alain_MADELIN;male;6;23.159000000000106
Malisa_CASTILLO;female;4;18.994
unk_913;NA;1;5.501999999999953
unk_869;NA;4;16.882000000000176
unk_577;NA;1;2.6970000000000027
Olivier_MARTOCK;male;28;80.91599999999993
Michel_MELZ;male;9;37.09700000000004
unk_788;NA;5;18.246000000000095
unk_473;NA;2;4.494000000000142
Jean-Michel_CADIOT;male;100;426.6520000000005
Robert_BOURGI;male;42;95.72300000000106
unk_816;NA;7;16.860000000000127
Celine_MISSOFFE;female;11;89.96399999999949
Michel_MERCIER;male;31;224.23400000000004
unk_614;NA;1;3.328000000000202
unk_604;NA;6;17.73400000000038
Celia_FAUSSART;female;15;53.70100000000002
Marie-Cecile_PICQUET;female;33;93.42399999999998
Nicolas_DESFORGES;male;10;85.32699999999988
unk_870;NA;2;2.002999999999929
Pascale_CLARK;female;1204;5150.049999999999
Veronique_JULIA;female;36;166.50000000000003
unk_568;NA;4;15.420999999999822
Stephane_CHARBONNIER;male;4;32.84899999999976
Laurence_SIMON;female;251;852.8489999999998
unk_1026;NA;5;20.110000000000127
Benoit_HARTMANN;male;23;172.77100000000019
unk_769;NA;2;3.0450000000000728
Corinne_CUTILLA;female;24;89.92400000000013
Michel_MARCHET;male;5;31.978000000000065
Annie_BAGLIN;female;6;16.513999999999896
Antoine_BASBOUS;male;80;462.1499999999994
Guillaume_VANHEMS;male;570;2166.3460000000014
Margaux_DE_FROUVILLE;female;21;165.16800000000035
Siba_NASSER;female;66;320.01200000000017
Olivier_FAURE;male;33;228.28299999999945
Leslie_LE_TAC;male;12;55.65599999999995
Jimmy_PAHUN;male;7;26.815000000000055
Frederic_SALDMANN;male;6;21.50400000000002
Nicolas_DUPONT-AIGNAN;male;100;536.2630000000001
unk_1069;NA;4;14.169000000000324
Mohamed_BECHARI;male;6;22.990999999999985
unk_826;NA;6;20.374999999999886
Thor_HUSHOVD;male;2;13.739000000000033
Laurent_GUILLEMOT;male;7;25.610000000000014
Pierre_MOSCOVICI;male;66;302.0359999999996
Bertrand_DE_MONTESQUIOU;male;22;91.94700000000012
Marie-Madeleine_ALLIOT;female;9;18.80799999999931
Marie_DUQUESNE;female;20;162.817
Yvan_MARZOLF;male;24;89.23099999999977
Guy-Noel_MOSER;male;12;51.03300000000013
unk_317;NA;1;2.598000000000013
unk_697;NA;2;8.347999999999956
Vincent_BEZAULT;male;49;146.7579999999998
Bel_KACEM;male;24;70.92700000000013
Brice_HORTEFEUX;male;8;62.01300000000009
Harlem_DESIR;male;2;20.58800000000008
Quentin_DICKINSON;male;363;1103.1900000000014
Jean_LEONETTI;male;57;216.40899999999988
unk_1002;NA;1;1.2829999999999018
unk_1146;NA;11;46.69800000000038
Lysiane_BLE;female;3;5.831000000000074
unk_704;NA;1;1.2269999999998618
Hubert_VEDRINE;male;14;50.68000000000001
unk_693;NA;5;10.573999999999842
unk_649;NA;7;15.476000000000283
Henri_EMMANUELLI;male;65;286.3449999999997
Michel_LASSERE;male;6;20.66599999999994
Michel_CORRIAUX;male;3;29.915000000000077
unk_607;NA;6;21.97199999999998
Philippe_BOCCARA;male;13;53.381
Jean-Paul_CHAGNOLEAU;male;20;70.7819999999997
unk_377;NA;6;21.016000000000076
Lise_RECHAUVIAC;female;5;16.855999999999995
unk_925;NA;1;5.532000000000039
Jerome_FERNANDEZ;male;2;17.40100000000001
unk_345;NA;15;42.28400000000005
Francis_DECOURRIERE;male;10;35.783000000000015
Marco_SAN-PIETRO;male;12;52.70399999999972
Henri_STERDYNIAK;male;36;168.32099999999969
Stephanie_DE_MURU;female;3;37.432000000000016
Didier_MAUS;male;13;104.11099999999999
Jose_DUPUIS;male;1;12.180999999999585
Andre_GOLLIARD;male;20;64.74500000000006
unk_793;NA;1;1.7390000000000327
Rocco_CONTENTO;male;10;31.43399999999974
Sylvain_BRIERE;male;13;61.02599999999984
Albert-Jean_MOUGIN;male;28;176.08299999999963
unk_512;NA;2;2.5349999999998545
Francois_BAYROU;male;76;355.1430000000007
unk_679;NA;2;9.177999999999884
Marie-France_STIRBOIS;female;3;11.766000000000076
Gabriel_KAHN;male;21;62.174000000000035
Nathalie_ARTHAUD;female;6;33.936999999999955
Jean-Pierre_BRARD;male;14;118.79200000000009
Marc_LE_FUR;male;50;197.7960000000001
Ali_BADDOU;male;2;1.97300000000007
unk_1169;NA;1;14.069000000000074
unk_1129;NA;2;17.36999999999989
unk_19;NA;3;18.228999999999928
Stephane_MARTONY;male;1;8.860999999999876
Jerome_DESCHAMPS;male;17;62.879999999999654
Helene_ROUSSEL;female;13;52.49499999999985
unk_612;NA;7;24.255999999999858
unk_789;NA;1;1.9230000000000018
Guillaume_PELTIER;male;59;468.5949999999999
Philipple_DOUSTE-BLAZY;male;7;37.10200000000003
Alexis_JENNI;male;8;49.69599999999991
Sonia_DEVILLERS;female;136;386.29800000000057
Bernard_LEGRAS;male;8;54.918000000000006
Isabelle_MOREAU;female;13;59.60500000000002
Christian_DE_BOISSIEU;male;1;12.24200000000019
unk_811;NA;5;20.823999999999984
unk_602;NA;6;36.61400000000003
Yves_IZARD;male;153;511.5189999999999
Thierry_BURKHARD;male;10;38.810999999999694
Arnaud_ROBINET;male;14;67.27500000000055
Bernard_BIGOT;male;57;254.84299999999848
unk_743;NA;4;13.79099999999994
unk_1110;NA;2;6.169999999999845
unk_944;NA;9;33.03699999999981
Damien_GOURLET;male;78;734.0850000000007
Caroline_LANTY;female;30;187.6560000000004
unk_980;NA;9;34.73599999999996
unk_1127;NA;1;4.1720000000000255
Jacques_BAUTE;male;17;52.46900000000005
unk_1111;NA;2;12.844000000000051
Pierre_NEGREL;male;6;30.108000000000175
Alan_DOSS;male;16;51.077999999999975
unk_474;NA;6;22.850000000000023
Christian_BINDNER;male;126;437.41200000000003
Philippe_MUSSATTI;male;9;29.021000000000186
Pierre_DE_JONG;male;18;53.39099999999999
unk_316;NA;8;21.583000000000027
Marie-Luce_PENCHARD;female;2;27.216999999999985
Noel_MAMERE;male;123;730.612000000001
Henri_GUAINO;male;5;40.26400000000007
Veronique_STOURM;female;20;59.099999999999994
Sandra_BOULANGER;female;24;222.2770000000005
Henri_PLAGNOL;male;31;102.09299999999996
Aline_PAILLER;female;12;60.450000000000045
Jean-Yves_CAMUS;male;24;135.45399999999984
Veronique_REBEYROTTE;female;37;112.25600000000003
Jean-Remi_MAKIAGE;male;19;57.38099999999997
unk_875;NA;12;50.66199999999981
Anne_TOULOUSE;female;25;178.5709999999999
Guy_CARLIER;male;14;43.697000000000116
unk_674;NA;7;20.01800000000003
unk_591;NA;2;6.608999999999924
unk_694;NA;6;18.621000000000095
unk_1007;NA;5;15.337999999999624
Franck_RIBOUD;male;7;53.59699999999998
Christine_OCKRENT;female;5;23.32899999999995
Patrick_LECLERC;male;29;158.8180000000001
Baptiste_YVARS;male;4;20.299999999999955
Jean-Marc_FOUR;male;158;536.7989999999996
Jean-Michel_AULAS;male;9;30.66899999999987
unk_988;NA;16;63.60100000000011
Pascal_LAMY;male;55;214.85699999999997
Philippe_MARTIN;male;2;15.685999999999979
Guy_TEISSIER;male;24;131.0729999999999
Jean_PRUNETTA;male;10;43.43300000000001
Bernard_CORTET;male;3;36.49799999999999
Paul_DURIEU;male;24;99.31299999999987
Ruth_ELKRIEF;female;51;307.6249999999982
Dominique_WOLTON;male;53;233.522
unk_620;NA;2;7.339999999999918
Mathieu_ARON;male;89;370.2999999999997
unk_803;NA;1;2.0790000000001783
Arthur_GEORGES;male;13;43.68899999999985
Roland_FAURE;male;12;57.572000000000116
Claude_CHARLOT;male;25;97.56700000000001
Philippe_THOMIN;male;20;73.22400000000005
unk_836;NA;4;10.086999999999875
Jean-Louis_PY;male;10;24.857999999999947
Francois_RIVASSEAU;male;4;19.057000000000016
unk_515;NA;2;1.7149999999996908
Josiane_GORGIBUS;female;23;96.46500000000015
unk_871;NA;1;0.8849999999999909
unk_745;NA;9;41.2529999999997
Jean_GLAVANY;male;54;204.63400000000036
Imad_LAHOUD;male;6;40.007000000000176
unk_1180;NA;20;136.85100000000017
Sandrine_MARCY;female;9;31.937000000000012
David_RODRIGUEZ;male;93;252.82100000000023
Jacques_DESALLANGRE;male;16;108.29499999999996
Arno_KLARSFELD;male;29;199.3409999999999
Philippe_VALLET;male;6;23.714999999999236
Yves_JEGO;male;9;56.24300000000005
Francois_CHEREQUE;male;11;37.430000000000064
Didier_PIARD;male;70;307.35899999999856
unk_741;NA;11;37.14999999999981
unk_611;NA;3;9.337000000000444
unk_901;NA;6;33.278999999999996
unk_854;NA;11;47.03800000000001
Herve_NOVELLI;male;2;16.44799999999998
Vincent_PELLEGRINI;male;21;49.76899999999989
Frederic_JOUSSET;male;30;262.11099999999897
Gerard_LONGUET;male;30;183.22099999999995
unk_522;NA;7;26.787999999999897
Loic_RIVIERES;male;5;54.208000000000084
unk_1206;NA;5;32.36900000000014
Serge_RAMPA;male;10;31.864000000000033
Cecile_DANRE;female;20;163.06200000000067
unk_883;NA;2;3.1289999999999054
Pascal_SANTONI;male;9;59.67999999999995
Patrick_BERCHE;male;25;159.1280000000006
Marie-Elise_WELSH;female;13;60.327999999999975
Nicolas_VOLLAIRE;male;25;170.30099999999948
Patrick_OLLIER;male;7;45.38500000000022
Sarah-Lou_COHEN;female;5;51.20899999999983
Youssou_N_DOUR;male;1;10.662999999999897
Catherine_NERESSIS;female;13;50.240999999999985
Alain_MARSAUD;male;26;220.64199999999983
Michel_POLACCO;male;118;489.5569999999998
unk_941;NA;2;7.711000000000013
Jean-Paul_BOLUFER;male;10;58.40100000000001
Laurent_DELAHOUSSE;male;1;3.177000000000021
Jean-Marc_LECH;male;18;70.88599999999951
Pierre_WEILL;male;321;1095.4469999999994
Catherine_COUTELLE;female;24;107.76000000000005
unk_650;NA;4;4.396000000000029
Anicet_MBIDA;male;94;480.4780000000016
unk_314;NA;27;91.07500000000005
Roland_VIERNE;male;8;22.833000000000027
Gerard_MORDILLAT;male;13;61.438999999999965
Laure_MANAUDOU;female;2;14.995000000000118
Isabelle_LABEYRIE;female;55;177.8670000000002
Raymond_DURAND;male;13;101.79700000000014
Jean-Jacques_VANIER;male;47;154.66500000000042
Gerard_BAPT;male;60;372.19699999999995
Renaud_DELY;male;33;256.06500000000005
unk_1008;NA;7;13.627999999999929
unk_689;NA;3;6.778999999999996
Dominique_LEFEBVRE;male;17;81.53499999999985
unk_669;NA;8;17.897000000000048
Christian_LE_FRANC;male;1;14.876999999999953
unk_937;NA;24;58.069999999999766
Marion_LEFEBVRE;female;48;448.9689999999997
Philippe_VARIN;male;25;136.78300000000013
Nathalie_WENTZ;female;22;63.71499999999992
Patrick_EVENO;male;29;234.4110000000005
Charlotte_BRUN;female;10;27.592999999999847
Juliette_RENGEVAL;female;33;120.35499999999996
Fabrice_DROUELLE;male;865;3092.4159999999933
Anne-Laure_DAGNET;female;12;53.43099999999998
Olivier_NAHUM;male;122;422.3399999999997
unk_1098;NA;4;25.175999999999817
unk_485;NA;3;14.414000000000215
Mohammed_KHENNICHE;male;2;13.165999999999997
Genenievre_DE_FONTENAY;female;16;50.590999999999795
unk_605;NA;1;3.58199999999988
unk_796;NA;2;3.4089999999996508
Gaetan_GORCE;male;6;55.27600000000007
Jerome_CHARTIER;male;34;128.7680000000002
Roland_MUZEAU;male;71;320.3149999999995
Eric_YUNG;male;19;81.93000000000006
Jean-Marie_LE_GUEN;male;2;27.341000000000065
Sophie_AUVIGNE;female;114;520.5989999999997
Eric_BESSON;male;55;451.842
Claude_THELOT;male;148;369.707
Maxime_POULLAOUEC;male;11;69.86799999999971
unk_520;NA;1;2.80600000000004
Michel_LOYONS;male;11;28.089999999999918
Bernard_CRESSENS;male;15;44.615999999999985
Arnaud_DE_BLAUWE;male;75;444.0729999999993
unk_1112;NA;2;4.229999999999961
unk_884;NA;1;1.0480000000000018
Yves_DURAND;male;48;212.62099999999987
Jean-Claude_MANUGUERRA;male;3;13.217999999999961
Francois_LAMY;male;17;181.71300000000008
unk_559;NA;2;3.438000000000102
unk_943;NA;19;64.50999999999976
Jean-Pierre_GRATIEN;male;96;714.1600000000001
Kenrick_MONK;male;1;14.045999999999822
unk_450;NA;21;98.47600000000011
Francois_GIUSEPPI;male;90;278.8809999999994
Bernard_GUETTA;male;451;1754.6340000000012
unk_574;NA;3;7.891999999999598
unk_820;NA;4;12.23700000000008
unk_904;NA;8;24.062000000000012
Malek_BOUTIH;male;1;12.426000000000045
Nicole_AMELINE;female;48;194.77700000000027
Karim_BENZEMA;male;2;15.977000000000317
unk_1086;NA;1;0.8330000000000837
Christophe_LOUIS;male;3;20.29499999999996
Fabienne_SINTES;female;52;228.61200000000022
unk_494;NA;2;10.391999999999598
Catherine_NAY;female;2;16.174999999999727
Michel_PIRON;male;47;242.10800000000023
Renaud_BERNARD;male;93;379.47699999999986
Caroline_LANGLOIS;female;5;34.39200000000005
Jean-Louis_SCHILANSKY;male;17;92.44699999999966
Anita_HAUSSER;female;35;405.26800000000026
Jean-Luc_DEHAENE;male;24;90.03600000000006
Francois_DELAPIERRE;male;1;12.256999999999948
Natacha_RIOS;female;4;55.513000000000005
Ludovic_FAUX;male;9;37.42199999999997
Francois_BAROIN;male;137;1068.8810000000008
Bernard_LAYRE;male;7;30.110000000000127
Maxime_LE_FORESTIER;male;6;24.611999999999966
Jean-Luc_DELARUE;male;2;16.32499999999999
unk_684;NA;5;18.740999999999985
Gerald_NOULE;male;16;59.684999999999945
unk_636;NA;3;7.53099999999975
unk_608;NA;3;4.217999999999847
Antoine_SIBIASKI;male;4;15.32699999999977
Hughes_FELTES;male;13;48.34899999999993
Celine_KAJOULIS;female;2;10.288999999999987
Moche_LEWIN;male;3;12.413000000000238
Matthieu_BONDUELLE;male;17;120.39899999999989
Jean-Marie_DURAND;male;8;26.65599999999995
Dominique_BERTINOTTI;female;24;216.62000000000012
Maria_INES;female;28;261.1030000000005
Sebastien_HUYGHE;male;25;229.81499999999983
Christine_BOUTIN;female;18;94.72799999999987
Marie-George_BUFFET;female;56;399.5190000000001
unk_829;NA;3;12.423999999999978
David_PUJADAS;male;6;17.27200000000002
unk_728;NA;1;2.0459999999998217
Sebastien_LAUGENIE;male;27;101.74600000000021
unk_22;NA;1;11.105000000000018
unk_1001;NA;2;4.095000000000255
Cedric_KAHN;male;11;45.553999999999974
Stephane_PAIR;male;78;313.3339999999996
Bernard-Henri_LEVY;male;44;311.45099999999957
unk_371;NA;41;143.16699999999992
unk_842;NA;3;10.11099999999999
unk_761;NA;3;4.301000000000045
Francois_KLIPFFEL;male;26;109.59299999999996
Cathy_GENTIL;female;4;33.77499999999998
Jean-Pierre_SANPOUX;male;19;64.54700000000003
unk_447;NA;2;9.690999999999804
Stephane_ROZES;male;15;63.08800000000002
unk_727;NA;3;9.851000000000113
Sandrine_BONNAIRE;female;7;15.871000000000038
Frederic_DE_LANOUVELLE;male;119;1099.0979999999995
unk_765;NA;16;30.741999999999635
Christine_LAGARDE;female;72;397.26899999999995
Antoine_DELPIERRE;male;6;49.909000000000106
unk_510;NA;3;12.626999999999953
Francois_BROTTES;male;65;331.52100000000047
Bernard_LACOMBE;male;9;35.903999999999996
Jean_TIBERI;male;19;71.74999999999989
Marielle_DE_SARNEZ;female;1;6.876999999999953
Jean-Claude_GUEHENNEC;male;28;117.80599999999913
Nicolas_SARKOZY;male;465;1448.421999999999
Pascal_PIEROZZI;male;94;312.2330000000002
Eric_CHANEY;male;15;60.028999999999996
Sergio_VIEIRA_DE_MELLO;male;11;48.793000000000006
Philippe_PLISSON;male;19;117.14999999999992
Etienne_GINOT;male;19;188.57499999999982
unk_867;NA;4;6.6459999999998445
Christophe_JAKUBYSZYN;male;2;1.6029999999997813
Gilles_DE_ROBIEN;male;1;6.39200000000028
Thibault_MAISONNEUVE;male;11;41.992999999999995
unk_1104;NA;1;7.614000000000033
unk_479;NA;4;21.016999999999825
unk_954;NA;7;24.478000000000065
Richard_VIRENQUE;male;9;34.83199999999988
Thomas_FERSEN;male;63;249.64799999999946
Grzegorz_ROSINSKI;male;94;401.3319999999999
Anissa_EL_JABRI;female;22;73.84599999999955
unk_918;NA;2;3.518000000000029
Alain_PERRIN;male;9;34.41799999999989
Philippe_POUTOU;male;4;23.58400000000003
Catherine_MARSAL;female;18;55.908000000000015
Christian_BEX;male;23;87.46099999999956
unk_1132;NA;2;6.109000000000037
Christine_MURATET;female;25;78.12700000000001
unk_1077;NA;3;4.280999999999949
Serge_BIDEAU;male;4;32.69699999999966
unk_979;NA;4;12.201000000000136
Jacques_KESSLER;male;44;180.47400000000016
Thierry_DUPUYT;male;2;21.769999999999982
Bruno_D_ALBERTO;male;15;49.406999999999925
Marie-Claude_KERVELLA;female;9;45.22300000000007
Stephane_HESSEL;male;1;8.468000000000018
Eric_DE_LAVARENE;male;9;60.24700000000007
Michel_SIMES;male;13;48.42399999999998
Jean-Luc_MELENCHON;male;85;381.414
Olivier_GUPTA;male;9;60.44099999999992
Chantal_CUMUNEL;female;25;102.88499999999999
Rolland_COURBIS;male;29;161.21900000000005
unk_480;NA;7;19.235999999999876
Jean-Louis_SOUFFLET;male;4;13.015999999999963
unk_342;NA;47;127.26000000000067
Kad_MERAD;male;2;9.93100000000004
Ronald_GUINTRANGE;male;36;322.6650000000001
Lionnel_LUCA;male;59;505.1030000000003
Yannick_JADOT;male;5;22.53200000000004
Philippe_VIGIER;male;2;16.37899999999999
Stanislas_NORDEY;male;88;366.89400000000023
Bertrand_GALLICHER;male;68;263.22499999999985
Marie-Pierre_OLFAN;female;7;59.309999999999945
unk_1156;NA;5;18.299000000000134
Denis_ASTAGNEAU;male;275;1035.6580000000001
Raphael_REYNES;male;24;78.553
Martine_AUBRY;female;29;155.8210000000001
Betty_LACHGUER;female;6;49.965000000000146
Pascal_LE_GUERN;male;595;2532.6380000000026
unk_1087;NA;2;10.931000000000267
Valerie_HOFFENBERG;female;4;37.516000000000076
Gilles_BORNSTEIN;male;2;12.96699999999987
Nicolas_BONNEMAISON;male;2;21.427999999999997
unk_927;NA;1;1.3540000000002692
unk_837;NA;2;2.367000000000033
unk_780;NA;8;27.106000000000222
unk_1018;NA;13;56.502000000000294
unk_1203;NA;8;51.78
Alain_JUPPE;male;150;796.7749999999999
Christophe_DUGARRY;male;11;44.28200000000004
Herle_JOUON;male;23;72.197
Robert_BADINTER;male;205;1011.7499999999993
Valery_LEROUGE;male;26;96.26999999999987
unk_928;NA;1;1.5239999999998872
unk_478;NA;2;7.694999999999709
Christine_SIMEONE;female;19;76.702
Georges_GOUJON;male;88;279.1650000000001
Pierre_LASCAR;male;19;138.55999999999972
Jean-Marc_ESPINASSE;male;1;13.279999999999973
Pascal_LAINE;male;18;84.4690000000005
unk_490;NA;1;1.2489999999997963
Danielle_MITTERRAND;female;4;22.014999999999873
unk_758;NA;4;20.331999999999994
Pascal_DELANNOY;male;160;567.3209999999996
unk_668;NA;5;11.096999999999753
Dominique_ERENFRID;female;23;94.93700000000013
Ghislaine_DUPONT;female;5;23.02500000000005
unk_1023;NA;5;21.84999999999991
Dominique_VAUCY;male;79;512.4450000000004
unk_849;NA;23;79.30999999999995
Danielle_MESSAGER;female;87;312.91099999999983
Daniel_COSTANTINI;male;10;45.73700000000008
Fabrice_GALZIN;male;9;39.70700000000005
unk_349;NA;10;32.388000000000034
Franck_HERIOT;male;123;477.296
Pierre_MARSAT;male;14;49.9380000000001
unk_460;NA;2;2.29300000000012
unk_1179;NA;30;113.65799999999905
Francois_REBSAMEN;male;2;22.377000000000066
Jean-Michel_DJIAN;male;13;102.9140000000001
Delphine_SIMON;female;63;251.91600000000017
unk_744;NA;9;33.88099999999997
unk_963;NA;3;16.208999999999946
Xavier_BERTRAND;male;225;1123.9760000000015
Jean-Charles_OLIVAN;male;5;41.4050000000002
Michel_SLITINSKY;male;23;60.44599999999997
Nathalie_DE_KEYZER;female;19;69.49599999999998
Joseph_OSMAN;male;56;380.3239999999987
Francois_SAUVADET;male;44;248.7759999999998
Bruno_BESCHIZZA;male;45;316.3380000000005
unk_911;NA;2;11.277000000000044
Jean-Luc_ROMERO;male;24;212.09500000000025
Lucie_NUTTIN;female;76;643.2299999999997
Jean-Jacques_GUILLET;male;21;107.56600000000049
Bernard_NAGEOTTE;male;120;516.8260000000001
Serge_MARTIN;male;172;571.6109999999996
Brune_AUDREY;female;8;43.08200000000011
Jean-Francois_AQUILI;male;12;98.40000000000003
Salomon_LEMBWE;male;5;23.06100000000015
Laura_FLESSEL-COLOVIC;female;7;60.49000000000024
Farida_SETITI;female;5;31.108999999999952
Claude_CORDIER;male;26;81.15599999999944
Kamanda_WA_KAMANDA_MUZEMBE;male;33;126.18800000000005
unk_579;NA;10;38.248000000000275
Michel_ROCARD;male;229;813.1249999999998
Sebastien_PROT;male;2;15.807000000000244
unk_965;NA;1;1.1690000000000964
unk_990;NA;9;51.82099999999991
unk_923;NA;2;1.875
Nicolas_DE_LABAREYRE;male;43;284.85099999999983
Jerome_COLOMBAIN;male;502;2108.017000000002
Florence_LEROY;female;110;339.00299999999925
Serge_MARTINEZ;male;29;112.22300000000035
Flavie_FLAMENT;female;10;97.71299999999997
Lionel_JOSPIN;male;66;354.7350000000001
Manon_RIVIERE;female;10;81.03999999999996
Christophe_SIRUGUE;male;22;100.83500000000015
unk_1207;NA;4;26.662000000000035
Christophe_HONDELATTE;male;1442;5739.207000000005
Daniele_GUILLEMOT;female;8;19.588000000000193
unk_805;NA;3;10.121000000000095
unk_498;NA;1;1.6969999999996617
unk_529;NA;6;32.21900000000005
Julien_LANGLET;male;19;61.59800000000041
Alex_TURK;male;46;279.3180000000001
Pierre_TAMBOURIN;male;19;69.52400000000034
Claude_GOASGUEN;male;34;129.15399999999977
Philippe_RICHERT;male;35;199.50200000000063
Alain_PASSEREL;male;1576;6306.098000000003
unk_1159;NA;7;24.76800000000003
unk_639;NA;4;3.662999999999812
Max_MOSLEY;male;9;40.93500000000006
Thierry_FIORILE;male;63;231.02600000000018
Elie_BAUP;male;2;9.615000000000009
Remy_DI_GREGORIO;male;2;12.072000000000116
Joel_LE_PAHUN;male;8;29.445000000000164
unk_748;NA;15;67.04300000000012
Frederic_NATHAN;female;6;45.40100000000007
Marie_TRINTIGNANT;female;1;3.1200000000001182
Olivier_JARDE;male;1;12.942999999999984
Willy_VOET;male;10;58.47300000000007
Fabienne_BROUCARET;male;26;234.30700000000047
unk_999;NA;20;65.64400000000023
Andre_LONGUET_DES_DIGUERES;male;35;329.58800000000014
Roland_DESBORDES;male;3;31.817999999999984
Herve_MARITON;male;1;7.682000000000016
Franck_RIESTER;male;4;28.711999999999932
Philippe_LAMBLIN;male;16;54.26900000000012
Cecile_DUFLOT;female;23;176.44199999999995
unk_555;NA;2;2.5229999999996835
Nicolas_PIERRON;male;74;343.19299999999976
Bruno_MAESTRACCI;male;32;274.8309999999999
unk_525;NA;1;1.2150000000001455
Peter_VAN_PETEGEM;male;5;19.355999999999995
Paul_MERITANI;male;10;67.26599999999962
Mouammar_KADHAFI;male;1;0.6570000000000391
Graziella_RODRIGUES;female;11;76.46099999999984
Jean-Luc_GARNIER;male;8;32.23199999999997
Francois_LEBLEVENEC;male;3;14.692999999999998
Aurelie_KIEFFER;female;22;83.85799999999995
Etienne_MONIN;male;61;253.7879999999999
Bernard_LAPORTE;male;60;255.76399999999967
Karine_BERGER;female;14;148.9770000000001
unk_833;NA;2;1.8009999999999309
Jean-Francois_SAMMARCELLI;male;6;15.34500000000071
Claude_EVIN;male;22;98.34199999999987
Jean-Claude_AMARA;male;15;53.03500000000008
unk_496;NA;2;5.487999999999829
Alain_NOEL;male;15;55.548
unk_800;NA;1;1.8260000000000218
Jacques_BORTAYROU;male;8;26.847999999999956
Anne-Catherine_DELHAYE;female;15;46.399
unk_874;NA;1;3.3009999999999877
unk_1161;NA;4;23.648999999999887
Jerome_BASTION;male;29;112.36600000000044
Florent_LONGUEPE;male;10;39.25000000000003
Frederic_ENCEL;male;18;205.83599999999979
unk_808;NA;6;30.813000000000102
unk_864;NA;5;22.889000000000124
Sylvie_JOHNSSON;female;47;142.86200000000062
Thomas_HUGUES;male;1;9.700000000000045
Philippe_LEFEBVRE;male;132;504.47200000000066
Valerie_ROSSO-DEBORD;female;27;171.7120000000001
Jacques_PLANA;male;111;444.5889999999995
Rachida_DATI;female;2;17.959000000000003
Gerard_PRINCE;male;35;151.587
Yves_COCHET;male;16;74.78100000000018
Pascal_PLACHARD;male;13;58.55600000000004
Herve_GARDETTE;male;135;403.507
Frederic_LORENZINI;male;24;82.02399999999989
unk_680;NA;4;11.595000000000255
Stephane_DUFOUR;male;17;57.708000000000084
Joel_MERGUI;male;28;210.93999999999983
Caroline_GLORION;female;146;342.5830000000002
Patrice_GOURRIER;male;34;167.2299999999998
Aly_EL-SAMMAN;male;40;154.83799999999974
unk_448;NA;7;31.78399999999965
Olivier_FOUR;male;49;432.927
Vincent_PEILLON;male;5;32.91999999999996
Bernard_CHARBONNEAU;male;5;31.676999999999566
Dominique_DE_VILLEPIN;male;427;1097.3810000000003
unk_775;NA;5;21.258000000000038
Patrick_ROGER;male;589;2437.030999999997
Francois_FILLON;male;731;4257.259999999998
unk_1037;NA;2;9.478000000000065
unk_359;NA;4;16.787999999999897
unk_1029;NA;4;12.945999999999913
Jean-Francois_COPE;male;108;457.2050000000004
unk_977;NA;6;20.251999999999953
Emmanuelle_DAVIET;female;77;318.3039999999993
Georges_KIEJMAN;male;5;33.585999999999785
Christelle_BARBIER;female;16;101.90600000000006
unk_600;NA;1;4.302999999999884
Daniel_DESESQUELLE;male;10;54.580999999999904
unk_11;NA;3;16.241999999999962
Denis_LEMARRIE;male;12;50.999000000000024
Marylise_LEBRANCHU;female;53;203.122
unk_888;NA;4;12.860000000000014
unk_713;NA;2;4.524000000000342
Thomas_VOECKLER;male;4;38.25500000000005
Claire_CARTIER;female;3;6.4350000000000005
unk_678;NA;2;10.648999999999887
Jacques_SICHERMAN;male;14;46.5920000000001
Benoit_VINCENT;male;9;38.91299999999998
Michel_COOL;male;13;45.12399999999997
Francois_BEAUDONNET;male;168;620.8010000000005
Olivier_DANREY;male;6;8.222999999999729
Philippe_MEYER;male;364;1425.4349999999995
Brice_ROBIN;male;16;76.75300000000006
Remi_PERROT;male;5;55.803999999999974
Herve_JUVIN;male;9;52.801000000000045
unk_656;NA;2;6.618999999999893
Celine_BRUEL;female;8;36.33800000000019
Daniel_RIOLO;male;91;251.17800000000057
unk_1064;NA;28;81.51500000000033
unk_889;NA;5;22.889999999999986
Andre_DULAIT;male;4;41.25999999999999
Stephane_SOUMIER;male;2;2.08600000000024
Stephane_CHAVE;male;26;154.99
Georges_TRON;male;18;115.93400000000003
Virginie_LEBRUN;female;105;427.25900000000007
unk_790;NA;2;4.4220000000000255
unk_606;NA;3;5.8250000000000455
Charles_PELLEGRINI;male;25;161.24200000000064
Michele_ALLIOT-MARIE;female;18;118.31800000000004
unk_858;NA;11;34.11399999999958
Laurent_VAREILLE;male;12;43.46900000000005
Michel_LIEBGOTT;male;15;100.07800000000009
Bruno_MEGRET;male;16;64.79700000000014
Yves_THREARD;male;1;0.25299999999992906
Roselyne_BACHELOT;female;260;1344.0920000000008
Jean_TODT;male;17;165.27800000000002
Remi_GARDE;male;5;20.516999999999825
unk_1126;NA;1;10.06899999999996
Alain_OLIVE;male;7;29.458000000000084
Ulysse_GOSSET;male;17;165.83399999999938
Jean-Jacques_SERVERA;male;13;31.08400000000006
Yann-Antony_NOGHES;male;23;174.9320000000002
Christian_RUIZ;male;11;37.84699999999998
Nicolas_ALFONSI;male;12;48.75400000000002
unk_25;NA;3;31.438999999999965
Jean-Pierre_ELKABBACH;male;2;16.485000000000127
Emeline_D_HARCOURT;female;12;103.4050000000002
unk_584;NA;19;54.82199999999989
unk_719;NA;6;10.271000000000186
Jean-Pierre_NICOLAS;male;17;106.07800000000003
Christian_BAUBY;male;29;114.4369999999999
Cardinal_RUINI;male;6;13.724999999999966
Hein_VERBRUGGEN;male;3;19.251999999999953
Muriel_POMPONNE;female;177;723.9200000000002
Florian_PHILIPPOT;male;5;36.57099999999997
unk_895;NA;16;48.45400000000018
Emmanuel_DAVIDENKOFF;male;28;109.66200000000026
Alain_BOUILLARD;male;9;35.01599999999996
Benjamin_DABLAM;male;17;79.12799999999993
unk_386;NA;16;39.189000000000306
Sebastien_BAER;male;77;318.90399999999966
unk_1051;NA;1;4.91399999999976
Daniel_SEITE;male;10;51.95000000000027
Eric_CIOTTI;male;49;501.9489999999998
Anais_GOUBATIAN;female;12;77.54199999999992
unk_773;NA;2;4.934999999999974
Claude_GUEANT;male;185;1041.336999999999
Jean_MALLOT;male;44;202.89099999999894
Olivier_BOST;male;68;285.52399999999966
Christian_ESTROSI;male;5;45.87800000000021
unk_1074;NA;1;1.0860000000000127
Sebastien_DARRAS;male;23;99.46300000000019
Magali_CHALAIS;female;24;220.11000000000035
unk_968;NA;1;2.3400000000001455
Anais_FEUGA;female;14;58.81900000000087
unk_671;NA;3;6.520000000000437
Claude_BRUILLOT;male;62;256.88099999999986
Pierre_MENEZ;male;23;78.58599999999979
unk_850;NA;16;55.84599999999955
Nathalie_ORIOLI;female;1;11.328999999999724
unk_950;NA;5;17.702999999999975
Adrienne_RIBES-TIPHAINE;female;34;138.7240000000004
Herve_MORIN;male;9;28.976
unk_449;NA;16;78.19399999999996
Isabelle_MUTAL;female;5;21.307999999999993
unk_401;NA;12;24.480999999999625
Abdoulaye_WADE;male;2;27.95399999999995
Pierre-Henry_BRANDET;male;9;117.61700000000019
Manuel_VALLS;male;133;678.592999999999
unk_1025;NA;20;69.6579999999999
Denis_JEAMBAR;male;3;32.47900000000004
unk_1088;NA;11;22.041000000000167
Robert_VAUTARD;male;18;74.74399999999923
unk_683;NA;11;37.435999999999694
Frederic_ADAM;male;43;467.3419999999993
Bernard_ACCOYER;male;262;608.9720000000004
Jean-Marc_AYRAULT;male;500;2120.2279999999996
Marc_VAN_MOERE;male;21;140.63399999999956
Jean-Jacques_BERNARD;male;2;9.137
Jean-Pierre_MOREL;male;12;41.1569999999997
Eric_DIARD;male;14;107.42099999999999
Christophe_BOUILLON;male;17;111.60800000000006
unk_1215;NA;9;40.079000000000065
unk_995;NA;4;18.278000000000247
Rachid_M_BARKI;male;181;1572.8409999999997
Marie-Odile_MONCHICOURT;female;21;92.56500000000005
Pascal_DEGUILEM;male;4;18.590000000000146
unk_894;NA;9;28.198000000000093
Bertrand_DELANOE;male;11;79.57499999999987
Cedric_FERREIRA;male;3;41.27799999999979
Kofi_ANNAN;male;14;40.78199999999998
Bernard_DEFLESSELLES;male;19;99.882
unk_909;NA;5;7.377999999999702
Francis_SZPINER;male;2;24.395999999999844
unk_1073;NA;5;22.48599999999999
Jean-Yves_VINCENT;male;4;14.870000000000005
unk_1035;NA;2;6.657999999999902
Michel_BEAUMALE;male;4;12.052999999999884
Christophe_VINCENT;male;2;7.682999999999993
Jean-Claude_GAUDIN;male;1;14.123000000000047
Alain_VIDALIES;male;12;123.44900000000007
Celine_BITTNER;female;5;58.40100000000001
unk_687;NA;1;2.5960000000000036
Louise_HARBOUR;female;13;56.248000000000005
unk_489;NA;1;0.3170000000000073
Corinne_AUDOUIN;female;97;338.22299999999984
Michel-Edouard_LECLERC;male;6;19.283999999999992
Francois-David_DUGUET;male;11;44.32000000000005
unk_898;NA;13;72.35899999999992
unk_715;NA;3;7.548999999999978
unk_1237;NA;10;28.360000000000127
unk_879;NA;4;15.310000000000173
Alain_REY;male;628;2415.7380000000007
Bertrand_VANNIER;male;298;1044.7999999999993
Christian_PAUL;male;11;119.16199999999992
Frederic_HAZIZA;male;3;1.8719999999999573
unk_732;NA;1;2.0340000000001055
unk_857;NA;14;58.10699999999997
Celine_BLAMPAIN;female;4;46.86900000000014
Armand_JUNG;male;28;110.46799999999985
unk_749;NA;21;76.81000000000006
Renaud_CHANTEUR;male;10;33.5
Jacques_VENDROUX;male;29;129.69799999999987
Bruno_GOLLNISCH;male;23;105.86999999999966
Alain_MARSCHALL;male;1050;5142.762999999995
Nicole_BACHARAN;female;124;510.1619999999998
unk_872;NA;3;6.389000000000124
Mickael_THEBAULT;male;221;1541.999999999999
Vincent_JOSSE;male;264;1012.4309999999995
Delphine_BATHO;female;96;800.7390000000006
unk_312;NA;1;5.724
Marc_SANCHEZ;male;1;5.8689999999999145
Frank_NOBLESSE;male;97;395.817
Jean-Remi_BAUDOT;male;298;3061.7680000000014
unk_628;NA;11;45.164999999999964
unk_519;NA;1;4.852999999999611
Bruno_JULLIARD;male;22;200.1139999999998
unk_1082;NA;2;2.270999999999731
Frank_ALETRU;male;10;39.674999999999955
unk_778;NA;2;5.826000000000022
Olivier_METZNER;male;96;320.43599999999924
Ralph_PINTO;male;47;128.32000000000028
unk_637;NA;3;5.192000000000149
Dominique_PERBEN;male;15;49.64699999999999
unk_779;NA;1;2.56899999999996
unk_10;NA;1;11.125
unk_982;NA;9;26.468999999999937
Yann_ARTHUS-BERTRAND;male;5;18.354000000000042
unk_989;NA;6;21.757000000000062
unk_619;NA;1;3.6189999999999145
Christian_JACOB;male;102;744.943
unk_691;NA;1;2.1380000000000337
Pierre_LESCURE;male;1;13.0
Marie-Christine_LAURIOL;female;23;108.5329999999999
Madeleine_ALBRIGHT;female;8;33.54399999999987
Anne_LAUVERGEON;female;2;18.027000000000044
unk_1039;NA;1;0.9389999999998508
Francis_CABALLERO;male;15;57.89099999999996
Gilles_SCHNEIDER;male;14;52.495000000000346
Philippe_POULETTI;male;15;68.87199999999984
Nathalie_KOSCIUSKO-MORIZET;female;91;577.1590000000007
Dominique_AUDUC;male;30;93.16300000000001
Catherine_GENISSON;female;15;109.024
unk_818;NA;10;41.947
Michele_DELAUNAY;female;2;29.33000000000004
Guy_BEDOS;male;1;12.320999999999913
Olivier_HUE;male;1;2.1200000000000045
unk_755;NA;7;19.348000000000187
Jean-Daniel_VALADE;male;2;16.993000000000393
Marie-Carrere_D_ENCAUSSE;female;3;10.933999999999969
Jean-Yves_LEBORGNE;male;5;23.070999999999913
unk_962;NA;3;11.363000000000056
unk_992;NA;4;17.50799999999981
Florian_MAURICE;male;10;30.26600000000019
unk_500;NA;5;16.966999999999985
unk_1199;NA;2;11.326999999999998
Dalil_BOUBAKEUR;male;46;481.05199999999945
Antoine_GANNAC;male;46;128.7949999999999
unk_648;NA;10;13.513999999999442
Haytman_MANNA;male;13;40.7770000000005
Alain_COTTA;male;40;346.99100000000135
Angelique_KIDJO;female;7;51.84700000000001
unk_379;NA;2;2.3299999999999272
unk_905;NA;4;12.282999999999902
Marek_HALTER;male;48;245.52799999999888
unk_642;NA;1;1.851
Alex_TAYLOR;male;646;2541.3640000000005
Francois_BERNARD;male;96;387.3800000000001
Olivier_GUILLARD;male;7;60.863000000000056
Florence_MURACCIOLE;female;215;1659.6970000000001
Stephane_GATIGNON;male;2;15.910999999999945
unk_1083;NA;5;15.146999999999935
Andre_PACCOU;male;19;187.53800000000047
Fabienne_DELAHAYE;female;27;209.78300000000013
unk_369;NA;13;49.60100000000011
Eberhard_KIENLE;male;28;134.88700000000063
unk_832;NA;10;26.88900000000001
unk_654;NA;2;6.83600000000024
Thibaud_LE_FLOCH;male;10;90.32400000000013
unk_759;NA;1;5.298000000000002
Marc_GENTILINI;male;12;56.81099999999998
unk_1000;NA;1;1.6110000000001037
unk_838;NA;1;2.1660000000001673
Christophe_BOISBOUVIER;male;8;75.74000000000001
unk_946;NA;15;51.28600000000006
Christiane_TAUBIRA;female;33;134.44999999999948
Dominique_STRAUSS-KAHN;male;14;52.539999999999964
unk_472;NA;6;9.835999999999785
Dorothee_LEPINE;female;15;52.74699999999996
unk_616;NA;5;18.985000000000127
Vincent_TOURAINE;male;5;68.279
Hind_KHOURY;female;143;448.7750000000001
Jean-Pierre_GAILLARD;male;351;1479.3030000000003
Bruno_JEUDY;male;50;410.0049999999994
unk_21;NA;6;17.18100000000001
Marie-Jeanne_HUSSET;female;27;67.49900000000002
unk_724;NA;3;4.387000000000171
Yvan_LE_BOLLOC_H;male;2;8.5949999999998
Marc_DOLEZ;male;18;108.00099999999992
Jean-Louis_BORLOO;male;46;245.22299999999973
unk_987;NA;8;41.53600000000006
Christian_MAGDELEINE;male;151;569.5439999999995
Diane_GOUFFRANT;female;86;691.4989999999995
Eric_WOERTH;male;4;30.925999999999988
Dominique_MARANINCHI;male;5;22.74099999999953
unk_352;NA;1;4.8940000000000055
Marcus_HUTCHINSON;male;8;30.211000000000013
unk_688;NA;3;7.565000000000055
Patrick_TIMBARD;male;2;16.52500000000009
Marie-Charlotte_VIAL;female;17;73.16499999999996
unk_1144;NA;23;106.14399999999979
unk_961;NA;3;8.511999999999944
Celine_PITELET;female;71;564.5390000000007
unk_487;NA;2;4.505000000000109
unk_756;NA;18;48.568999999999846
Pierre_HENRY;male;34;111.27100000000019
unk_15;NA;8;17.079000000000008
Christian_BRUNET;male;9;35.94999999999982
unk_1010;NA;1;1.9939999999999145
Andre_ELHADAD;male;21;193.31799999999964
Roland_GAILLARD;male;11;40.672999999999774
unk_547;NA;8;40.38999999999987
Johanne_PORTAL;female;14;128.788
Pascal_DISANT;male;3;29.762999999999977
unk_1115;NA;2;7.9849999999999
Benoit_FURIC;male;14;54.48099999999931
Daniel_COHN-BENDIT;male;2;20.175999999999817
Jean-Michel_GOLINSKY;male;23;102.29499999999996
Claude_LEROY;male;12;52.03800000000001
Frederic_BARREYRE;male;115;441.38900000000046
Dominique_BROMBERGER;male;735;3165.960999999998
Jeremy_COSTE;male;2;16.480000000000018
Martin_WINCKLER;male;305;910.4390000000003
unk_807;NA;17;54.31999999999971
unk_824;NA;7;20.91500000000019
unk_682;NA;1;2.326000000000022
Maurice_FUSIER;male;11;31.1220000000003
unk_1094;NA;4;37.629000000000076
Bertrand_LAFERRERE;male;2;14.228000000000065
Isabelle_ADJANI;female;12;63.30200000000002
Sinclair_CHANTEUR;male;63;207.60500000000002
unk_1047;NA;2;3.663000000000011
Pascal_DURAND;male;61;338.67500000000007
unk_5;NA;2;27.97799999999978
Laurent_DE_GROOTE;male;14;39.09100000000001
Marcel_CALVAT;male;5;17.475999999999658
Benedicte_TASSART;female;174;602.1370000000001
unk_1128;NA;1;7.62399999999991
Ernest-Antoine_SEILLIERE;male;242;918.9010000000009
unk_757;NA;2;2.2199999999998
Guilaume_PEPY;male;20;93.92899999999999
Tiffanie_OSSWALT;female;24;157.53000000000029
Olivier_TRUCHOT;male;3452;18922.648000000027
Jules_LAVIE;male;3;3.563000000000102
Jean-Philippe_MAURER;male;13;96.04299999999989
Frederic_CHARLES;male;29;110.92399999999998
Joel_COLLADO;male;996;3625.226000000001
Annabelle_ROULEAU;female;5;60.49600000000032
unk_786;NA;1;2.4249999999999545
Marin_KARMITZ;male;16;63.38400000000047
Philippe_SHYLE;male;10;20.569999999999993
Amgad_SADEK;male;80;353.04999999999836
unk_1178;NA;25;150.6820000000003
Ismael_HASSOUNEH;male;33;169.55299999999966
Frederic_MITTERRAND;male;18;111.76199999999983
Serge_GRINBAUM;male;6;18.118000000000393
unk_594;NA;2;7.16700000000003
Caroline_LEMOINE;female;3;35.56700000000046
Jean-Marie_PERNAULT;male;18;112.30699999999979
Francois-Xavier_MENAGE;male;13;104.97000000000003
Joanna_BRIFFAULT;female;6;34.639000000000124
Franck_MATHEVON;male;621;2366.6589999999997
Selim_BATEL;male;14;55.666999999999916
Jean-Daniel_LEVY;male;23;232.36200000000008
Emmanuel_CARRERE;male;16;118.02500000000032
Francois_LENGLET;male;50;373.3129999999999
Patrick_LELONG;male;71;324.57299999999987
Herve_RENCH;male;13;56.340000000000146
Alain_LIPIETZ;male;9;34.97000000000003
unk_754;NA;17;35.177999999999905
unk_1021;NA;4;18.165999999999713
Antoine_POLLEZ;male;18;119.91600000000028
Lucy_VINCENT;female;43;335.7170000000001
Arsene_WENGER;male;13;51.33800000000019
unk_812;NA;3;12.586999999999989
Jean-Noel_GUERINI;male;6;22.743999999999915
Pierre_KUPFERMAN;male;25;74.40999999999985
unk_1100;NA;1;3.728999999999985
Pierre-Alain_MUET;male;36;198.79800000000012
Christophe_LURIE;male;100;386.72299999999984
Jean_QUATREMER;male;2;22.665999999999713
Michele_TABAROT;female;35;272.3300000000004
Yves_DECAENS;male;1311;5607.164999999988
Thomas_DE_ROCHECHOUART;male;18;96.96099999999961
Anne_CHEPEAU;female;441;1731.1949999999993
Dalila_BERRITANE;female;11;63.321000000000026
Sophie_VAUDIN;female;17;67.56400000000008
Christian_NOYER;male;1;10.538999999999987
Philippe_HOUILLON;male;20;154.41499999999996
David_BERNSTEIN;male;5;8.243999999999687
Julien_RICHARD;male;8;86.89999999999964
unk_939;NA;16;46.320000000000164
unk_592;NA;3;10.510000000000218
Didier_TIRARD;male;6;27.485000000000127
unk_582;NA;6;10.157999999999902
Marie-Claude_BONNEVILLE;female;92;375.9910000000001
Jean-Charles_STEYGER;male;35;266.89599999999984
Marc_KRAVETZ;male;161;373.4659999999999
unk_1009;NA;1;5.477000000000089
Henry_BUZY_CAZAUX;male;8;41.72900000000004
Gilles_SOULIER;male;2;12.105000000000018
Christian_PONCELET;male;2;9.159000000000106
Irene_CLERC;female;20;119.15000000000009
Helene_MANGIARDI;female;17;140.75999999999993
Cecile_OLLIVIER;female;22;218.2309999999996
unk_823;NA;4;15.080999999999563
Didier_DECOIN;male;1;9.367999999999938
Michel_BERGA;male;49;220.09799999999973
unk_1176;NA;27;161.41499999999868
Dominique_LECOMTE;female;17;63.50299999999993
unk_956;NA;2;8.88299999999981
Frederic_CUVILLIER;male;1;12.79200000000003
Thierry_TAPONIER;male;5;25.416000000000054
Christian_PROUTEAU;male;51;329.5100000000002
unk_720;NA;1;1.80600000000004
Renald_LUZIER;male;1;7.384999999999991
unk_672;NA;1;1.2020000000002256
Dominique_BROCARD;male;15;61.981999999999985
Virginie_PHULPIN;female;24;232.68600000000012
Jean_WEISSENBACH;male;13;46.96399999999994
Emmanuel_SCHWARTZENBERG;male;52;222.3839999999991
Patrick_LEGUIL;male;34;91.66999999999962
unk_677;NA;1;3.0149999999998727
Charles_MELCER;male;30;228.54000000000042
Frederic_BOBIN;male;12;49.840999999999894
Sophie_MASSIEU;female;14;52.346000000000004
Dominique_MOISI;male;188;598.7820000000004
Alain_TOUSSAINT;male;13;34.360999999999876
Yvan_LACHAUD;male;79;313.49000000000046
Christophe_DEWAELE;male;5;12.44099999999986
Julia_LE_CORREC;female;28;262.35699999999963
unk_1208;NA;15;82.8710000000001
Lionel_THOMPSON;male;113;476.7930000000001
Jerome_CHAPUIS;male;3;7.586999999999996
unk_501;NA;4;14.18600000000015
Cecile_ESMENGIAUD;female;5;26.574999999999932
Sebastien_ROCHER;male;12;40.00700000000006
Adrien_GINDRE;male;18;169.87699999999995
Daniel_MALCORPS;male;8;20.63499999999999
Maria_MALAGARDIS;female;241;622.2259999999999
Bruno_LE_ROUX;male;16;166.04700000000003
unk_1163;NA;1;5.957999999999856
Jean-Pierre_DAGUZAN;male;43;354.6009999999999
Thierry_REY;male;1;9.331000000000017
Stephane_HISCOCK;male;24;88.8610000000001
Jean-Pascal_ASSAILLY;male;22;69.452
Jean_LARDIN;male;9;34.5949999999998
Esther_BENBASSA;female;2;28.322999999999865
Jean-Bernard_GUYON;male;9;37.25
Peer_DE_JONG;male;155;561.3389999999999
Sandra_LARUE;female;11;72.4670000000001
Philippe_BARDONNAUD;male;10;46.46899999999994
Elio_DI_RUPO;male;3;10.469000000000023
Francois_HOLLANDE;male;593;2216.996999999998
Nadine_MORANO;female;17;139.45900000000006
unk_690;NA;3;4.903000000000247
David_ASSOULINE;male;38;306.1450000000002
Christophe_DIREMSZIAN;male;15;91.46699999999998
unk_538;NA;11;22.024000000000342
unk_563;NA;12;38.98299999999995
Vanessa_DESCOURAUX;female;27;90.29700000000093
Florence_FRESNEL;female;27;219.9659999999999
unk_846;NA;1;1.4420000000000073
Francis_LEGRAND;male;16;64.14300000000003
Robert_ROCHEFORT;male;22;203.9689999999987
Alain_GALLOPIN;male;7;28.70800000000017
unk_916;NA;1;0.6929999999999836
Jean-Pierre_MERCIER;male;22;181.83100000000036
Jean-Vincent_PLACE;male;80;640.2579999999999
unk_1114;NA;1;4.734000000000037
Ani_BASAR;female;18;173.8040000000002
Isabelle_DELAUDE;female;40;114.42200000000007
unk_578;NA;3;7.830999999999904
Christophe_REGNARD;male;89;368.88699999999926
Razzy_HAMMADI;male;34;256.12299999999993
Claude_BARTOLONE;male;67;107.22199999999987
unk_1165;NA;1;14.974999999999909
unk_580;NA;2;6.745999999999981
Brigitte_JEANPERRIN;female;90;409.9709999999998
unk_959;NA;1;2.974999999999909
unk_343;NA;18;51.113999999999976
Kouider_OKBI;male;1;7.939999999999998
unk_708;NA;1;1.0790000000001783
Jean-Christophe_LAGARDE;male;44;374.9890000000001
unk_764;NA;4;15.525999999999897
unk_787;NA;1;1.5109999999999673
unk_632;NA;16;78.22199999999998
Jean-Paul_RAPPENEAU;male;17;52.03200000000015
unk_1174;NA;1;12.539999999999964
unk_922;NA;8;30.563999999999396
Valerie_CROVA;female;53;170.65999999999997
Jean-Claude_PAJAK;male;19;73.22200000000002
Avner_CHAKI;male;11;56.17099999999999
Patrick_COX;male;14;42.950000000000045
Olivier_MAZEROLLE;male;140;911.2950000000001
Virginie_GOUBIER;female;11;96.66700000000014
Laurent_WAUQUIEZ;male;92;443.7479999999988
Didier_MIGAUD;male;4;39.283000000000015
unk_706;NA;2;2.3350000000000364
unk_570;NA;1;1.8240000000000691
Martin_HIRSCH;male;20;60.31599999999992
Pierre_BILLAUD;male;233;764.1590000000003
unk_1011;NA;1;4.963999999999942
Romain_AUZUI;male;23;104.99700000000007
David_KOUBBI;male;6;51.95000000000002
Mathieu_DRIDA;male;31;175.5970000000002
unk_798;NA;3;10.840000000000146
unk_583;NA;3;10.72400000000016
Laetitia_CHARBONNEL;female;7;27.026000000000067
unk_750;NA;1;2.2799999999999727
unk_1122;NA;1;6.780999999999949
Gerard_FRIEDLANDER;male;52;183.00900000000001
unk_994;NA;1;4.651000000000067
Guy_DRUT;male;13;53.077999999999975
unk_542;NA;16;69.57199999999966
unk_813;NA;4;11.615999999999985
Mathieu_COACHE;male;138;935.2710000000006
Mohamed_DOUHANE;male;1;13.371999999999844
unk_596;NA;6;9.882000000000062
unk_511;NA;2;10.101999999999862
unk_766;NA;4;15.347999999999956
unk_468;NA;1;0.8330000000000837
unk_626;NA;12;50.061000000000035
unk_1250;NA;9;59.690000000000055
unk_926;NA;1;1.0239999999998872
unk_351;NA;6;11.238999999999976
unk_1133;NA;1;9.447000000000003
Nedim_GURSEL;male;36;133.4530000000001
Jean-Michel_BOUCHERON;male;1;12.049999999999955
unk_655;NA;2;7.746000000000056
Jerome_DORVILLE;male;32;123.712
Clementine_MALIGORNE;female;28;234.34999999999997
unk_676;NA;9;29.83100000000013
Caroline_MIER;female;10;67.49600000000002
Helene_PEDECHE;female;2;8.128999999999962
unk_1154;NA;7;35.776999999999816
Harold_HYMAN;male;18;153.01000000000028
unk_662;NA;2;14.087999999999738
Corinne_FUGLER;female;9;39.214999999999975
Guillaume_GRUBER;male;7;53.052999999999884
Nicolas_POINCARE;male;23;94.457
Charlotte_DEKEYSER;female;3;17.03800000000001
Didier_CAZEAUX;male;4;18.08199999999988
Gaetane_MESLIN;female;43;372.5060000000017
Charles_GUENE;male;1;4.6340000000000146
unk_777;NA;2;7.197999999999865
unk_1121;NA;2;4.686000000000149
unk_730;NA;1;0.8440000000000509
Andre-Michel_VENTRE;male;20;61.458
unk_952;NA;12;43.34299999999996
Luc_ABRATKIEWICZ;male;9;23.073999999999984
Didier_RIDORET;male;90;384.2409999999997
Christophe_DE_PONFILLY;male;126;392.275
unk_486;NA;3;12.580999999999676
unk_1158;NA;6;38.5510000000001
Bernard_ROMAN;male;26;120.78899999999987
Carl_LANG;male;1;0.8079999999999927
unk_729;NA;2;3.38799999999992
unk_586;NA;9;29.819999999999993
Dominique_ROCH;female;7;66.755
Denis_SMIRO;male;10;49.45900000000006
unk_885;NA;1;1.2000000000002728
Pierre_SANE;male;16;63.50400000000002
Olivier_FERRAND;male;29;241.8429999999999
Jean-Michel_COSTES;male;8;60.69099999999992
Samuel_GILLES;male;4;21.44899999999984
Caroline_MECARY;female;22;178.29299999999967
unk_647;NA;1;1.2019999999999982
Virginie_GOMEZ;female;7;60.32400000000001
unk_1152;NA;5;30.785000000000196
unk_1036;NA;1;2.4349999999999454
Bernard_STEPHANE;male;99;294.3140000000003
Johnny_ECKER;male;6;24.377000000000066
Jean-Marie_LE_PEN;male;428;1376.882
Thomas_SOULIE;male;97;697.137
unk_740;NA;30;81.47900000000004
Marine_CHAILLOUX;female;9;61.872000000000185
unk_601;NA;4;13.092999999999961
Sandrine_HOUDIN;female;9;42.600999999999885
Marie-Sophie_DESAULLE;female;9;40.902000000000044
Benoit_HAMON;male;90;709.344
Gerard_ASCHIERI;male;9;35.15099999999984
Geoffroy_DIDIER;male;31;187.70799999999997
unk_861;NA;3;10.402000000000044
Bruno_SATIN;male;26;205.97599999999875
Roland_COUTANCEAU;male;19;187.72400000000027
Ulrike_GUEROT;female;22;211.54700000000003
Philippe_POUSSINET;male;15;56.24400000000003
Kelly_LAFFIN;female;10;107.24600000000027
unk_30;NA;4;31.779000000000053
unk_645;NA;1;2.01400000000001
Jean_RESSEGUIE;male;65;508.3580000000004
Bernard_LUBERT;male;10;41.18299999999999
unk_742;NA;7;36.45100000000002
Kamal_ABDOURAHIM;male;19;84.12600000000006
unk_896;NA;8;37.50999999999976
Florian_GAZAN;male;19;136.35300000000007
unk_629;NA;14;45.37300000000005
Jean-Luc_TROUSSEL;male;17;71.9409999999998
Segolene_ROYAL;female;43;254.54400000000032
Antoine_VERLAIN;male;37;125.10000000000014
Elisabeth_GUIGOU;female;135;964.9179999999999
Michel_ZERR;male;8;72.04899999999998
unk_703;NA;2;8.172000000000025
unk_1147;NA;20;55.625999999999635
Jo-Wilfried_TSONGA;male;2;20.944000000000017
unk_617;NA;1;3.366999999999962
Marie_LABAT;female;38;167.12499999999997
Andre_BRETON;male;2;3.1800000000000637
Guillaume_PAUL;male;20;65.54999999999973
unk_539;NA;3;12.673999999999978
Johann_LONFAT;male;9;37.01400000000001
Myriam_ENCAOUA;female;66;420.5879999999995
unk_663;NA;50;150.5569999999997
Antoine_LY;male;35;98.44400000000087
Stephane_SANSEVERINO;male;1;10.948000000000093
Nicolas_JAMAIN;male;29;215.99200000000042
unk_1117;NA;1;1.3360000000000127
unk_593;NA;1;2.9100000000003092
Nicolas_HULOT;male;5;33.31199999999993
Christophe_BORGEL;male;47;240.69799999999987
Stephane_PAOLI;male;913;3242.0879999999997
unk_792;NA;1;5.053999999999633
Anthony_ROUGIER;male;7;30.51800000000003
Catherine_LEMORTON;female;31;107.32500000000016
Elisabeth_DEDINET;female;26;115.67399999999998
Patricia_ADAM;female;3;27.264000000000124
Alain_ALLINANT;male;36;82.54999999999995
Laurent_FABIUS;male;64;306.3979999999993
unk_681;NA;1;1.5509999999999309
unk_725;NA;2;3.3239999999996144
Isabelle_DOR;female;66;226.93900000000014
Gregory_CARET;male;23;164.94800000000032
Philippe_REVERCHON;male;15;87.89499999999998
unk_767;NA;2;2.299000000000021
Ali_SOUMARE;male;1;13.151000000000067
Catherine_MONET;female;87;336.9459999999998
Bertrand_MERLETTE;male;10;56.969000000000165
Patrick_GONTHIER;male;2;15.308999999999969
unk_1160;NA;6;22.317000000000007
unk_1096;NA;5;13.828999999999894
Bernard_CAZENEUVE;male;11;125.34300000000007
Gilles_CARREZ;male;32;250.8989999999988
unk_709;NA;4;21.35199999999986
Isabel_PASQUIER;female;182;559.9960000000009
Bernard_HOUDIN;male;64;247.4750000000007
Marie_EVE;female;19;67.89800000000002
Francoise_NICOLAS;female;6;56.07499999999999
Laurent_MURAWIEC;male;201;910.1810000000005
unk_550;NA;3;8.523000000000138
Enrique_VIRRA_CAMPOS;male;6;31.914999999999964
Claude_BOCAGE;male;10;51.266999999999996
Magali_DELEUIL;female;5;22.28099999999995
David_LAPPARTIENT;male;3;20.355000000000018
Luc_FERRY;male;3;24.333999999999946
Dominique_THIERRY;male;133;521.4029999999999
Julia_DELAGE;female;13;125.51199999999994
Marc_ALVAREZ;male;3;4.939999999999941
unk_845;NA;33;115.65900000000019
Thomas_MISRACHI;male;117;852.2620000000014
Bertrand_POIROT-DELPECH;male;8;41.174999999999955
unk_556;NA;1;2.231999999999971
Gerard_PANNIER;male;7;27.958999999999833
Pierre_BERGE;male;2;6.479000000000042
unk_1038;NA;2;2.6230000000000473
unk_768;NA;1;5.382000000000062
Jean-Pierre_BEL;male;3;21.500999999999863
unk_1166;NA;18;84.50100000000003
unk_503;NA;7;35.902000000000044
unk_774;NA;2;4.394000000000048
Jean-Francois_RHEIN;male;68;318.1539999999993
Jacques_CUNAT;male;5;20.246999999999957
unk_738;NA;13;59.11500000000001
Marion_BERNARD;female;14;61.37900000000036
Etienne_CANIARD;male;2;24.75999999999999
Lucie_LOURDELLE;female;6;34.10200000000009
Christian_FILITZ;male;12;41.92900000000009
unk_856;NA;9;49.677000000000135
Jacqueline_FRAYSSE;female;18;117.36699999999973
Andre_CHASSAIGNE;male;12;121.02600000000018
unk_983;NA;53;180.3410000000008
Jean-Philippe_DENIAU;male;11;44.36200000000008
unk_557;NA;1;1.2739999999998872
Marine_LE_PEN;female;117;578.5770000000002
Yves_MARIGNAC;male;55;280.88900000000103
unk_718;NA;3;6.791000000000167
Francois_LOOS;male;15;55.06200000000035
Alain_CHEVALLIER;male;5;13.99200000000019
Nicolas_BEYTOUT;male;2;5.383999999999901
Dominique_HERMIER;male;1;5.411000000000058
unk_1151;NA;6;22.47300000000007
Benoit_COLLOMBAT;male;240;811.7639999999999
unk_910;NA;4;15.71200000000016
Henri_STASSINET;male;20;67.57600000000002
Michael_ELMAN;male;7;48.90999999999997
unk_635;NA;2;3.4039999999995416
Pierre_LE_MARC;male;655;2672.2680000000005
Jacques_DERRIDA;male;513;1430.2130000000013
unk_453;NA;10;40.23000000000002
Francois_VIOT;male;31;206.20099999999945
Jeremie_HARTMANN;male;70;410.3260000000001
unk_953;NA;6;29.220000000000027
Luc_CHATEL;male;73;420.2429999999989
Pascal_BONIFACE;male;58;292.7989999999993
unk_1150;NA;8;40.69199999999958
Patrick_BEYLE;male;23;72.08300000000031
Alain_GASTAL;male;23;63.59400000000005
Gerard_MENUEL;male;17;109.50000000000011
unk_565;NA;6;18.20500000000004
Thomas_LEQUERTIER;male;213;2183.2420000000006
Odile_DUTERTRE;female;35;132.15300000000002
Laetitia_SOUDY;female;26;243.97499999999957
unk_1125;NA;1;3.2000000000000455
Louis_JOBARD;male;5;53.62600000000006
unk_589;NA;1;4.382000000000062
unk_1049;NA;2;11.341999999999643
Patrick_BOYER;male;616;2541.000999999998
Ousmane_KEITA;male;10;82.322
Xavier_NIEL;male;5;20.14699999999948
Christian_BENASSE;male;36;271.19100000000026
Ruggero_DE_PAS;male;1;2.8859999999999673
Jean-Guy_TALAMONI;male;19;73.63
unk_572;NA;1;2.0700000000001637
Eric_DE_CAUMONT;male;26;232.10500000000047
Nicole_BELLOUBET_FRIER;female;5;22.743999999999687
Laurence_PARISOT;female;16;88.37600000000003
Nathalie_SIAT;female;1;14.141999999999939
Pierre_BERCIS;male;136;505.299
Maxime_COGNY;male;6;67.51700000000005
unk_921;NA;4;4.792000000000371
Frederick_GERSAL;male;24;108.61500000000024
unk_497;NA;6;10.02200000000039
unk_1017;NA;12;42.75199999999995
unk_1175;NA;3;19.990999999999985
Christophe_LANDRIEAU;male;2;16.874000000000024
Anne_GROMMERCH;female;16;112.89999999999998
unk_1044;NA;2;2.019000000000119
unk_882;NA;1;1.3029999999998836
Erik_ORSENNA;male;7;37.572000000000116
Jean-Marc_VENTILLARD;male;12;42.887999999999465
Jonathan_HAYOUN;male;29;288.47300000000064
Pierre_CONTESSE;male;2;16.537000000000035
Jean_JOUZEL;male;32;237.42699999999968
Sophie_BECHEREL;female;32;138.2640000000003
Selcuk_DEMIR;male;2;17.741999999999962
unk_1097;NA;2;23.609000000000037
Jean-Jacques_URVOAS;male;59;307.8889999999995
unk_444;NA;19;67.35800000000012
Gerard_CHARASSIER;male;6;42.91399999999999
unk_702;NA;6;14.764999999999873
unk_358;NA;20;43.75400000000036
Jacques_SEVILLA;male;8;20.392000000000053
Olivier_DE_RINCQUESEN;male;295;760.4740000000002
Alain_KRAKOVITCH;male;6;28.66300000000001
unk_1113;NA;2;6.470000000000027
Jean-Claude_MERCIER;male;4;30.024999999999977
Sonia_GHEZALI;female;5;21.311000000000092
unk_1170;NA;1;10.818000000000211
unk_1089;NA;2;5.8279999999999745
Jacques_MYARD;male;30;100.8259999999998
Andre_VALLINI;male;4;29.30999999999983
Guy_DELCOURT;male;55;382.1720000000021
Philippe_SALVADOR;male;35;280.3629999999994
Serge_BLANCO;male;11;53.68299999999999
Francois_CABRERA;male;15;65.279
unk_598;NA;2;4.697999999999865
unk_873;NA;4;11.263999999999783
Beatrice_CERETTI;female;89;385.7299999999991
Christine_LAUGIER;female;1;9.295000000000073
Caroline_BAUER;female;11;93.48399999999992
Romain_BARNIER;male;2;16.230000000000018
Bernard_MILLET;male;3;10.361999999999966
Christian_PIQUET;male;1;0.7799999999999727
Luc_BESSON;male;67;288.7920000000006
Louis_VIANNET;male;4;13.347999999999956
Patricia_MARTIN;female;703;1943.0679999999977
unk_657;NA;5;19.416000000000167
Idrissa_SECK;male;2;12.031000000000063
Aurelien_ROMANO;male;6;53.69499999999982
unk_560;NA;5;17.78400000000005
Alain_BOCQUET;male;26;106.81299999999987
Virgile_CAILLET;male;29;235.1519999999996
unk_912;NA;2;2.0519999999997935
Herve_GAYMARD;male;45;142.25299999999987
Florent_GERMAIN;male;11;120.08499999999958
Jean-Philippe_MULLER;male;4;17.829999999999927
Roland_GAUZE;male;7;20.202000000000226
unk_830;NA;4;18.604000000000006
Jean-Baptiste_PREDALI;male;103;924.9459999999992
Roger_KAROUTCHI;male;8;36.077
Alain_CAYZAC;male;36;214.30999999999995
Aurelie_FILIPPETTI;female;17;130.04399999999976
Jean-Francois_ROUBAUD;male;38;216.8710000000002
Nicolas_STOUFFLET;male;95;325.4649999999998
Jean-Louis_MALISSE;male;106;363.6080000000002
Urs_VELLER;male;2;5.803000000000111
unk_1034;NA;10;43.96499999999969
Philippe_SEGUIN;male;57;230.01299999999992
unk_951;NA;26;90.92699999999968
unk_734;NA;9;36.996000000000095
unk_701;NA;13;56.033000000000015
unk_972;NA;4;3.8319999999999936
unk_1016;NA;1;1.0300000000000011
Patrick_BALKANY;male;75;365.1869999999999
unk_822;NA;6;32.605999999999995
Jean-Pierre_GARRIGUES;male;1;12.541999999999916
Jean-Michel_BERGES;male;3;10.972000000000094
Kathia_GILDER;female;77;669.14
Alexandre_ORLOV;male;5;26.176999999999964
unk_1222;NA;15;110.90999999999985
Emmanuel_DELATTRE;male;80;241.57899999999972
unk_566;NA;2;4.361999999999625
Simon_TIVOLLE;male;1323;5460.470999999994
unk_1149;NA;12;47.3000000000001
unk_782;NA;1;4.367999999999938
Dominique_RIZET;male;36;198.13200000000052
unk_1153;NA;18;117.72400000000067
unk_686;NA;5;21.30099999999993
unk_544;NA;3;4.739999999999895
Gerard_SCHALLER;male;31;210.66500000000087
Olivier_FALORNI;male;3;31.067000000000007
Dominique_ANDRE;female;71;258.47399999999993
Bernadette_CHAMONAZ;female;614;2676.2730000000015
unk_493;NA;2;1.8669999999997344
unk_785;NA;6;16.121999999999844
Aurelie_SFEZ;female;53;135.56500000000028
Gerard_ROUGIER;male;9;35.958000000000084
unk_540;NA;1;2.60799999999972
Claude_MEINAU;male;101;373.4760000000001
unk_817;NA;10;35.24300000000005
Viviane_REDING;female;4;31.862999999999943
unk_1066;NA;2;12.88000000000011
unk_726;NA;3;7.8849999999997635
Pierre_SALVIAC;male;26;154.51699999999892
Rudy_SALLES;male;19;104.62800000000016
unk_783;NA;3;10.870000000000346
unk_609;NA;2;5.817999999999756
unk_618;NA;7;15.229000000000042
unk_795;NA;2;7.275000000000091
Francois_GAULT;male;10;40.903999999999996
Florent_GUYOTAT;male;22;85.41100000000006
Claude_BARRIER;male;35;219.65500000000156
unk_575;NA;5;14.690999999999804
Christophe_PRIOU;male;6;46.35000000000002
Michel_BARTHELEMY;male;3;23.185000000000002
Helene_JOUAN;female;115;455.12999999999994
unk_880;NA;2;4.724999999999909
Bruno_LE_MAIRE;male;79;457.8129999999999
Marie-Anne_MONTCHAMP;female;3;19.365999999999985
unk_1068;NA;9;35.097999999999956
unk_906;NA;4;17.7410000000001
Jean-Paul_LEDUC;male;17;60.103000000000065
unk_699;NA;1;4.943000000000211
Stephane_BERTHOMET;male;11;35.710999999999785
Henri_SANNIER;male;5;30.582999999999885
unk_1090;NA;5;10.195000000000164
Jose_BOVE;male;6;24.86099999999999
Claire_MESUREUR;female;12;51.077000000000226
Dominique_MANENT;female;13;52.940000000000055
Franck_COGNARD;male;45;174.14200000000005
Jean-Pierre_KUCHEIDA;male;20;79.29999999999995
Samia_BAMIER;female;16;67.81000000000006
Pascal_BOULARD;male;26;77.80900000000042
Luc_LEMONNIER;male;100;416.76
Francoise_BRIE;female;14;55.10600000000002
Marc_FONTAN;male;4;13.550000000000182
Sean_MAC_CARTHAIGH;male;22;60.825000000000045
Pierre_MAS;male;9;31.16599999999994
Joelle_COUSTON;female;9;27.870000000000005
unk_1157;NA;14;73.38000000000011
Jerome_CAHUZAC;male;70;391.2840000000006
Regis_JUANICO;male;21;136.03500000000008
Alain_SERRIE;male;53;193.3030000000001
Dominique_CHARPIN;male;34;145.24099999999999
Quentin_BAULIER;female;5;36.76400000000001
Savio_BORTOLINI-PIMENTEL;male;3;10.187999999999988
unk_1116;NA;1;7.780999999999949
Mathilde_TERRIER;female;23;201.24499999999972
unk_993;NA;9;36.47799999999961
unk_799;NA;1;2.451000000000022
Beatrice_BABIN;female;6;17.623000000000047
Stephane_PARIS;male;14;49.95400000000001
Max_CHAISE;male;18;56.59999999999991
Bernard_FAU;male;2;23.44300000000004
unk_698;NA;2;3.2020000000002256
Arnaud_FLEURY;male;15;60.18899999999968
unk_1172;NA;2;20.11700000000002
Gregory_MALLET;male;2;10.38900000000001
Christophe_CARESCHE;male;57;274.7379999999997
Sami_SEKKAOUI;female;2;16.781000000000006
Jacques_CHEMINADE;male;6;36.077999999999975
Andress_CRUZET;male;5;19.496999999999844
Rene_DOSIERE;male;15;160.6729999999999
Karine_FRANK;female;42;127.25199999999995
Jean-Baptiste_DAOULAS;male;78;539.5349999999994
Francois_LUCAS;male;3;25.657000000000153
Perrine_BAGLAN;female;20;185.03499999999983
unk_569;NA;10;26.067000000000007
Odysseas_BOUDOURIS;male;9;102.82899999999995
unk_1106;NA;4;19.892000000000053
Mohamed_BOUROKBA;male;9;47.82800000000003
unk_695;NA;3;8.865000000000236
Claude_GUIBAL;female;39;161.3190000000002
Emmanuel_CUGNY;male;138;587.745999999999
Fabrice_ABGRALL;male;317;1241.882
unk_868;NA;20;31.774000000000242
Frederic_BOURGADE;male;69;220.13500000000045
Veronique_FEVRE;female;29;200.13199999999802
unk_955;NA;21;86.875
Maxime_VERNER;male;19;166.9740000000004
Patrice_LIGER;male;1;13.695000000000164
Pascal_FRANCO;male;12;43.72699999999986
Nina_BEN-AMI;female;198;527.1429999999996
William_BOURDON;male;19;96.16900000000004
unk_516;NA;2;3.227000000000089
Bernard_VALERO;male;3;20.86200000000008
unk_400;NA;6;23.602999999999952
unk_641;NA;1;1.570999999999998
Jean-Marc_SYLVESTRE;male;683;2561.431999999997
Johan_VON_SCHREB;male;2;13.300000000000011
Jean-Pierre_CHEVENEMENT;male;49;179.87500000000003
Jean-Luc_CHIVOT;male;12;57.567999999999984
unk_521;NA;2;3.4659999999998945
Jean-Francois_ACHILLI;male;69;247.02300000000014
unk_1167;NA;9;56.228999999999814
Eva_BETTAN;female;104;340.62800000000004
Franck_LAVIER;male;4;22.371000000000038
unk_802;NA;1;3.794000000000324
Pascal_PERRI;male;135;731.0819999999985
Didier_ROUSSEL;male;10;41.110000000000014
Roland_CAYROL;male;32;116.9299999999999
Camille_LACOURT;male;2;16.072999999999865
Ilana_MORYOUSSEF;female;16;55.456999999999994
Reed_BRODY;male;21;60.10900000000004
Jean-Rene_FARTHOUAT;male;9;40.66200000000043
Franck_GILLERON;male;2;6.615000000000009
Christiane_LAMBERT;female;24;133.23700000000008
Thierry_MOREAU;male;1;13.032999999999902
Dominique_BAUDIS;male;15;66.32299999999998
Benoit_PETIT;male;8;70.57399999999998
Marie-France_MIRALES;female;4;20.488000000000056
Caroline_BODIN;female;11;121.67599999999948
Frederic_FEVRE;male;8;29.210999999999785
Franck_CARTELET;male;1;12.844000000000051
Emmanuel_DAVIDSON;male;25;161.27499999999986
Stephane_BORBICONI;male;5;23.31999999999971
unk_975;NA;1;2.0459999999999354
Ahmed_TAZIR;male;30;221.08599999999984
unk_1204;NA;7;50.591999999999985
Jacques_BICHOT;male;16;64.83799999999997
unk_527;NA;8;19.936999999999898
Francois_DE_RUGY;male;30;228.47000000000014
Steve_MANDANDA;male;2;17.220000000000255
Michel_VAUZELLE;male;30;129.82800000000032
Vincent_FERNIAUX;male;18;39.64400000000023
Brice_LEVERDEZ;male;6;2.2620000000000573
Jerome_SAINTE-MARIE;male;21;218.82700000000017
Arnaud_MONTEBOURG;male;83;421.4779999999994
unk_781;NA;1;1.4329999999999927
Francoise_DEGOIS;female;32;196.98700000000008
Marion_BARTOLI;female;9;42.53800000000001
Emmanuel_WEINTRAUB;male;21;67.25699999999995
unk_1130;NA;2;14.323000000000377
Jean-Cyril_SPINETTA;male;16;53.57000000000005
Philippe_DUFREIGNE;male;5;44.43600000000015
Bernard_KOUCHNER;male;20;50.09499999999997
unk_661;NA;20;76.37700000000007
Etienne_CHATILIEZ;male;10;94.32700000000023
